/*
SQLyog Ultimate v8.32 
MySQL - 8.0.21 : Database - ky
*********************************************************************
*/

/*!40101 SET NAMES utf8 */;

/*!40101 SET SQL_MODE=''*/;

/*!40014 SET @OLD_UNIQUE_CHECKS=@@UNIQUE_CHECKS, UNIQUE_CHECKS=0 */;
/*!40014 SET @OLD_FOREIGN_KEY_CHECKS=@@FOREIGN_KEY_CHECKS, FOREIGN_KEY_CHECKS=0 */;
/*!40101 SET @OLD_SQL_MODE=@@SQL_MODE, SQL_MODE='NO_AUTO_VALUE_ON_ZERO' */;
/*!40111 SET @OLD_SQL_NOTES=@@SQL_NOTES, SQL_NOTES=0 */;
/*Table structure for table `rcd_company` */

DROP TABLE IF EXISTS `rcd_company`;

CREATE TABLE `rcd_company` (
  `id` bigint NOT NULL COMMENT 'id',
  `name` varchar(100) CHARACTER SET utf8 COLLATE utf8_bin DEFAULT NULL COMMENT '公司名称',
  `intro` varchar(200) COLLATE utf8_bin DEFAULT NULL COMMENT '介绍',
  `phone` varchar(20) COLLATE utf8_bin DEFAULT NULL COMMENT '电话',
  `address` varchar(100) COLLATE utf8_bin DEFAULT NULL COMMENT '地址',
  `del` tinyint(1) DEFAULT '0' COMMENT '删除标识',
  `create` bigint DEFAULT NULL COMMENT '创建时间',
  `creator` varchar(20) COLLATE utf8_bin DEFAULT NULL COMMENT '创建者',
  `update` bigint DEFAULT NULL COMMENT '更新时间',
  `updater` varchar(20) COLLATE utf8_bin DEFAULT NULL COMMENT '更新者',
  PRIMARY KEY (`id`)
) ENGINE=InnoDB DEFAULT CHARSET=utf8 COLLATE=utf8_bin;

/*Data for the table `rcd_company` */

insert  into `rcd_company`(`id`,`name`,`intro`,`phone`,`address`,`del`,`create`,`creator`,`update`,`updater`) values (1001001,'Beijing Young Vibrant Innovation and Technology Co., Ltd','The company aims to make a mess of a series of messy things, such as nonsense, nonsense, flirtation, stinky farts, and so on, and finally calmly sit down and smoke a cigarette.','66888008','北京市前门外前门大街大栅栏36甲号',0,1604977657000,'admin',1604977657000,'admin');

/*Table structure for table `rcd_department` */

DROP TABLE IF EXISTS `rcd_department`;

CREATE TABLE `rcd_department` (
  `id` bigint NOT NULL COMMENT 'id',
  `pid` bigint DEFAULT NULL COMMENT '公司id',
  `name` varchar(50) CHARACTER SET utf8 COLLATE utf8_bin DEFAULT NULL COMMENT '名称',
  `code` varchar(20) COLLATE utf8_bin DEFAULT NULL COMMENT '部门码',
  `phone` varchar(20) COLLATE utf8_bin DEFAULT NULL COMMENT '电话',
  `intro` varchar(500) COLLATE utf8_bin DEFAULT NULL COMMENT '介绍',
  `del` tinyint(1) DEFAULT '0' COMMENT '删除标识',
  `create` bigint DEFAULT NULL COMMENT '创建时间',
  `creator` varchar(20) COLLATE utf8_bin DEFAULT NULL COMMENT '创建者',
  `update` bigint DEFAULT NULL COMMENT '更新时间',
  `updater` varchar(20) COLLATE utf8_bin DEFAULT NULL COMMENT '更新者',
  PRIMARY KEY (`id`)
) ENGINE=InnoDB DEFAULT CHARSET=utf8 COLLATE=utf8_bin;

/*Data for the table `rcd_department` */

insert  into `rcd_department`(`id`,`pid`,`name`,`code`,`phone`,`intro`,`del`,`create`,`creator`,`update`,`updater`) values (1001001,1001001,'Project Department','PROJECT','63798008','Responsible for the deployment, installation, commissioning, and later maintenance of the project.',0,1604977657000,'admin',1604977657000,'admin'),(1001002,1001001,'Sales department','SALE','63798009',NULL,0,1604977657000,'admin',NULL,NULL),(1001003,1001001,'Division','DIVISION','63798010',NULL,0,1604977657000,'admin',NULL,NULL),(1001004,1001001,'Board of Directors','DIRECTOR','63799999',NULL,0,1604977657000,'admin',NULL,NULL),(1001005,1001001,'Finance','FINANCE','63798301',NULL,0,1604977657000,'admin',NULL,NULL),(1001006,1001001,'Human Resources','HR','63798001',NULL,0,1604977657000,'admin',NULL,NULL),(1001007,1001001,'Department of Administration','ADMINISTRATION','63792001',NULL,0,1604977657000,'admin',NULL,NULL),(1001008,1001001,'Technical Department','TECHNICAL','63794001',NULL,0,1604977657000,'admin',NULL,NULL),(1001009,1001001,'Propaganda Department','PROPAGANDA','63795001',NULL,0,1604977657000,'admin',NULL,NULL);

/*Table structure for table `rcd_dict` */

DROP TABLE IF EXISTS `rcd_dict`;

CREATE TABLE `rcd_dict` (
  `id` bigint NOT NULL COMMENT '字典id',
  `pid` bigint DEFAULT NULL COMMENT '字典pid',
  `type` bigint DEFAULT NULL COMMENT '字典类型',
  `name` varchar(50) CHARACTER SET utf8 COLLATE utf8_bin DEFAULT NULL COMMENT '字典名称',
  `del` tinyint(1) DEFAULT '0',
  `create` bigint DEFAULT NULL,
  `creator` varchar(20) COLLATE utf8_bin DEFAULT NULL,
  `update` bigint DEFAULT NULL,
  `updater` varchar(20) COLLATE utf8_bin DEFAULT NULL,
  PRIMARY KEY (`id`)
) ENGINE=InnoDB DEFAULT CHARSET=utf8 COLLATE=utf8_bin;

/*Data for the table `rcd_dict` */

insert  into `rcd_dict`(`id`,`pid`,`type`,`name`,`del`,`create`,`creator`,`update`,`updater`) values (10001,0,1001,'Unmarried',0,1604977657000,'admin',1606297718919,'admin'),(10002,0,1001,'Married',0,1604977657000,'admin',1604977657000,'admin'),(10003,0,1001,'Divorced',0,1604977657000,'admin',1604977657000,'admin'),(10004,0,1002,'Han',0,1604977657000,'admin',1604977657000,'admin'),(10005,0,1002,'Manchu',0,1604977657000,'admin',1604977657000,'admin'),(10006,0,1002,'Uygur',0,1604977657000,'admin',1604977657000,'admin'),(10007,0,1002,'Tibetan',0,1604977657000,'admin',1604977657000,'admin'),(10008,0,1002,'Hui',0,1604977657000,'admin',1604977657000,'admin'),(10009,0,1003,'China',0,1604977657000,'admin',1606301753674,'admin'),(10010,0,1004,'Masses',0,1604977657000,'admin',1604977657000,'admin'),(10011,0,1004,'League Members',0,1604977657000,'admin',1604977657000,'admin'),(10012,0,1004,'Communist Party Members',0,1604977657000,'admin',1604977657000,'admin'),(10013,0,1004,'Kuomintang',0,1604977657000,'admin',1604977657000,'admin'),(10014,0,1004,'Democratic League Members',0,1604977657000,'admin',1604977657000,'admin'),(10015,0,1004,'Independents',0,1604977657000,'admin',1604977657000,'admin'),(10016,0,1003,'Greece',0,1604977657000,'admin',1604977657000,'admin'),(10017,0,1003,'Guinea',0,1604977657000,'admin',1604977657000,'admin'),(10018,0,1003,'Guinea-Bissau',0,1604977657000,'admin',1604977657000,'admin'),(10019,0,1003,'Turkey',0,1604977657000,'admin',1604977657000,'admin'),(10020,0,1003,'Turkmenistan',0,1604977657000,'admin',1604977657000,'admin'),(10021,0,1003,'Yemen',0,1604977657000,'admin',1604977657000,'admin'),(10022,0,1003,'Maldives',0,1604977657000,'admin',1604977657000,'admin'),(10023,0,1003,'Malta',0,1604977657000,'admin',1604977657000,'admin'),(10024,0,1003,'Madagascar',0,1604977657000,'admin',1604977657000,'admin'),(10025,0,1003,'Malaysia',0,1604977657000,'admin',1604977657000,'admin'),(10026,0,1003,'Mali',0,1604977657000,'admin',1604977657000,'admin'),(10027,0,1003,'Malawi',0,1604977657000,'admin',1604977657000,'admin'),(10028,0,1003,'Former Yugoslav Republic of Macedonia',0,1604977657000,'admin',1604977657000,'admin'),(10029,0,1003,'Marshall Islands',0,1604977657000,'admin',1604977657000,'admin'),(10030,0,1003,'Cayman Islands',0,1604977657000,'admin',1604977657000,'admin'),(10031,0,1003,'Bhutan',0,1604977657000,'admin',1604977657000,'admin'),(10032,0,1003,'Ecuador',0,1604977657000,'admin',1604977657000,'admin'),(10033,0,1003,'Eritrea',0,1604977657000,'admin',1604977657000,'admin'),(10034,0,1003,'Jamaica',0,1604977657000,'admin',1604977657000,'admin'),(10035,0,1003,'Belgium',0,1604977657000,'admin',1604977657000,'admin'),(10036,0,1003,'Vanuatu',0,1604977657000,'admin',1604977657000,'admin'),(10037,0,1003,'Israel',0,1604977657000,'admin',1604977657000,'admin'),(10038,0,1003,'Japan',0,1604977657000,'admin',1604977657000,'admin'),(10039,0,1003,'Chinese Taipei',0,1604977657000,'admin',1604977657000,'admin'),(10040,0,1003,'Central African Republic',0,1604977657000,'admin',1604977657000,'admin'),(10041,0,1003,'HongKong, China',0,1604977657000,'admin',1604977657000,'admin'),(10042,0,1003,'Gambia',0,1604977657000,'admin',1604977657000,'admin'),(10043,0,1003,'Benin',0,1604977657000,'admin',1604977657000,'admin'),(10044,0,1003,'Mauritius',0,1604977657000,'admin',1604977657000,'admin'),(10045,0,1003,'Mauritania',0,1604977657000,'admin',1604977657000,'admin'),(10046,0,1003,'Denmark',0,1604977657000,'admin',1604977657000,'admin'),(10047,0,1003,'Uganda',0,1604977657000,'admin',1604977657000,'admin'),(10048,0,1003,'Ukraine',0,1604977657000,'admin',1604977657000,'admin'),(10049,0,1003,'Uruguay',0,1604977657000,'admin',1604977657000,'admin'),(10050,0,1003,'Uzbekistan',0,1604977657000,'admin',1604977657000,'admin'),(10051,0,1003,'Barbados',0,1604977657000,'admin',1604977657000,'admin'),(10052,0,1003,'Papua New Guinea',0,1604977657000,'admin',1604977657000,'admin'),(10053,0,1003,'Brazil',0,1604977657000,'admin',1604977657000,'admin'),(10054,0,1003,'Guay',0,1604977657000,'admin',1604977657000,'admin'),(10055,0,1003,'Bahrain',0,1604977657000,'admin',1604977657000,'admin'),(10056,0,1003,'Bahamas',0,1604977657000,'admin',1604977657000,'admin'),(10057,0,1003,'Panama',0,1604977657000,'admin',1604977657000,'admin'),(10058,0,1003,'Pakistan',0,1604977657000,'admin',1604977657000,'admin'),(10059,0,1003,'Palestine',0,1604977657000,'admin',1604977657000,'admin'),(10060,0,1003,'Cuba',0,1604977657000,'admin',1604977657000,'admin'),(10061,0,1003,'Burkina Faso',0,1604977657000,'admin',1604977657000,'admin'),(10062,0,1003,'Burundi',0,1604977657000,'admin',1604977657000,'admin'),(10063,0,1003,'Democratic Republic of Timor-Leste',0,1604977657000,'admin',1604977657000,'admin'),(10064,0,1003,'Qatar',0,1604977657000,'admin',1604977657000,'admin'),(10065,0,1003,'Rwanda',0,1604977657000,'admin',1604977657000,'admin'),(10066,0,1003,'Luxembourg',0,1604977657000,'admin',1604977657000,'admin'),(10067,0,1003,'Chad',0,1604977657000,'admin',1604977657000,'admin'),(10068,0,1003,'Belarus',0,1604977657000,'admin',1604977657000,'admin'),(10069,0,1003,'India',0,1604977657000,'admin',1604977657000,'admin'),(10070,0,1003,'Indonesia',0,1604977657000,'admin',1604977657000,'admin'),(10071,0,1003,'Lithuania',0,1604977657000,'admin',1604977657000,'admin'),(10072,0,1003,'Niger',0,1604977657000,'admin',1604977657000,'admin'),(10073,0,1003,'Nigeria',0,1604977657000,'admin',1604977657000,'admin'),(10074,0,1003,'Nicaragua',0,1604977657000,'admin',1604977657000,'admin'),(10075,0,1003,'Nepal',0,1604977657000,'admin',1604977657000,'admin'),(10076,0,1003,'Ghana',0,1604977657000,'admin',1604977657000,'admin'),(10077,0,1003,'Canada',0,1604977657000,'admin',1604977657000,'admin'),(10078,0,1003,'Gabon',0,1604977657000,'admin',1604977657000,'admin'),(10079,0,1003,'San Marino',0,1604977657000,'admin',1604977657000,'admin'),(10080,0,1003,'Saint Vincent and the Grenadines',0,1604977657000,'admin',1604977657000,'admin'),(10081,0,1003,'Saint Lucia',0,1604977657000,'admin',1604977657000,'admin'),(10082,0,1003,'Sao Tome and Principe',0,1604977657000,'admin',1604977657000,'admin'),(10083,0,1003,'Saint Kitts and Nevis',0,1604977657000,'admin',1604977657000,'admin'),(10084,0,1003,'Guyana',0,1604977657000,'admin',1604977657000,'admin'),(10085,0,1003,'Djibouti',0,1604977657000,'admin',1604977657000,'admin'),(10086,0,1003,'Kyrgyzstan',0,1604977657000,'admin',1604977657000,'admin'),(10087,0,1003,'Lao People\'s Democratic Republic',0,1604977657000,'admin',1604977657000,'admin'),(10088,0,1003,'Armenia',0,1604977657000,'admin',1604977657000,'admin'),(10089,0,1003,'Spain',0,1604977657000,'admin',1604977657000,'admin'),(10090,0,1003,'Bermuda',0,1604977657000,'admin',1604977657000,'admin'),(10091,0,1003,'Liechtenstein',0,1604977657000,'admin',1604977657000,'admin'),(10092,0,1003,'Congo',0,1604977657000,'admin',1604977657000,'admin'),(10093,0,1003,'Democratic Republic of Congo',0,1604977657000,'admin',1604977657000,'admin'),(10094,0,1003,'Iraq',0,1604977657000,'admin',1604977657000,'admin'),(10095,0,1003,'Islamic Republic of Iran',0,1604977657000,'admin',1604977657000,'admin'),(10096,0,1003,'Guatemala',0,1604977657000,'admin',1604977657000,'admin'),(10097,0,1003,'Hungray',0,1604977657000,'admin',1604977657000,'admin'),(10098,0,1003,'Dominican Republic',0,1604977657000,'admin',1604977657000,'admin'),(10099,0,1003,'Dominica',0,1604977657000,'admin',1604977657000,'admin'),(10100,0,1003,'Togo',0,1604977657000,'admin',1604977657000,'admin'),(10101,0,1003,'Iceland',0,1604977657000,'admin',1604977657000,'admin'),(10102,0,1003,'Guam',0,1604977657000,'admin',1604977657000,'admin'),(10103,0,1003,'Angola',0,1604977657000,'admin',1604977657000,'admin'),(10104,0,1003,'Antigua and Barbuda',0,1604977657000,'admin',1604977657000,'admin'),(10105,0,1003,'Andorra',0,1604977657000,'admin',1604977657000,'admin'),(10106,0,1003,'Tonga',0,1604977657000,'admin',1604977657000,'admin'),(10107,0,1003,'Jordan',0,1604977657000,'admin',1604977657000,'admin'),(10108,0,1003,'Equatorial Guinea',0,1604977657000,'admin',1604977657000,'admin'),(10109,0,1003,'Finland',0,1604977657000,'admin',1604977657000,'admin'),(10110,0,1003,'Croatia',0,1604977657000,'admin',1604977657000,'admin'),(10111,0,1003,'Sudan',0,1604977657000,'admin',1604977657000,'admin'),(10112,0,1003,'Suriname',0,1604977657000,'admin',1604977657000,'admin'),(10113,0,1003,'Libyan Arab Jamahiriya',0,1604977657000,'admin',1604977657000,'admin'),(10114,0,1003,'Liberia',0,1604977657000,'admin',1604977657000,'admin'),(10115,0,1003,'Belize',0,1604977657000,'admin',1604977657000,'admin'),(10116,0,1003,'Cape Verde',0,1604977657000,'admin',1604977657000,'admin'),(10117,0,1003,'Cook Islands',0,1604977657000,'admin',1604977657000,'admin'),(10118,0,1003,'Saudi Arabia',0,1604977657000,'admin',1604977657000,'admin'),(10119,0,1003,'Algeria',0,1604977657000,'admin',1604977657000,'admin'),(10120,0,1003,'Albenia',0,1604977657000,'admin',1604977657000,'admin'),(10121,0,1003,'United Arab Emirates',0,1604977657000,'admin',1604977657000,'admin'),(10122,0,1003,'Argentina',0,1604977657000,'admin',1604977657000,'admin'),(10123,0,1003,'Oman',0,1604977657000,'admin',1604977657000,'admin'),(10124,0,1003,'Aruba',0,1604977657000,'admin',1604977657000,'admin'),(10125,0,1003,'Afghanistan',0,1604977657000,'admin',1604977657000,'admin'),(10126,0,1003,'Azerbaijan',0,1604977657000,'admin',1604977657000,'admin'),(10127,0,1003,'Namibia',0,1604977657000,'admin',1604977657000,'admin'),(10128,0,1003,'United Republic of Tanzania',0,1604977657000,'admin',1604977657000,'admin'),(10129,0,1003,'Latvia',0,1604977657000,'admin',1604977657000,'admin'),(10130,0,1003,'Great Britain',0,1604977657000,'admin',1604977657000,'admin'),(10131,0,1003,'British Virgin Islands',0,1604977657000,'admin',1604977657000,'admin'),(10132,0,1003,'Kenya',0,1604977657000,'admin',1604977657000,'admin'),(10133,0,1003,'Romania',0,1604977657000,'admin',1604977657000,'admin'),(10134,0,1003,'Palau',0,1604977657000,'admin',1604977657000,'admin'),(10135,0,1003,'Tuvalu',0,1604977657000,'admin',1604977657000,'admin'),(10136,0,1003,'Venezuela',0,1604977657000,'admin',1604977657000,'admin'),(10137,0,1003,'Solomon Islands',0,1604977657000,'admin',1604977657000,'admin'),(10138,0,1003,'France',0,1604977657000,'admin',1604977657000,'admin'),(10139,0,1003,'Poland',0,1604977657000,'admin',1604977657000,'admin'),(10140,0,1003,'Puerto Rico',0,1604977657000,'admin',1604977657000,'admin'),(10141,0,1003,'Bosnia and Herzegovina',0,1604977657000,'admin',1604977657000,'admin'),(10142,0,1003,'Bangladesh',0,1604977657000,'admin',1604977657000,'admin'),(10143,0,1003,'Bolivia',0,1604977657000,'admin',1604977657000,'admin'),(10144,0,1003,'Norway',0,1604977657000,'admin',1604977657000,'admin'),(10145,0,1003,'South Africa',0,1604977657000,'admin',1604977657000,'admin'),(10146,0,1003,'Cambodia',0,1604977657000,'admin',1604977657000,'admin'),(10147,0,1003,'Kazakhstan',0,1604977657000,'admin',1604977657000,'admin'),(10148,0,1003,'Kuwait',0,1604977657000,'admin',1604977657000,'admin'),(10149,0,1003,'Cote d\'lvoire',0,1604977657000,'admin',1604977657000,'admin'),(10150,0,1003,'Comoros',0,1604977657000,'admin',1604977657000,'admin'),(10151,0,1003,'Bulgaria',0,1604977657000,'admin',1604977657000,'admin'),(10152,0,1003,'Russian Federation',0,1604977657000,'admin',1604977657000,'admin'),(10153,0,1003,'Syria Arab Republic',0,1604977657000,'admin',1604977657000,'admin'),(10154,0,1003,'United States of America',0,1604977657000,'admin',1604977657000,'admin'),(10155,0,1003,'Virgin Islands',0,1604977657000,'admin',1604977657000,'admin'),(10156,0,1003,'American Samoa',0,1604977657000,'admin',1604977657000,'admin'),(10157,0,1003,'Honduras',0,1604977657000,'admin',1604977657000,'admin'),(10158,0,1003,'Zimbabwe',0,1604977657000,'admin',1604977657000,'admin'),(10159,0,1003,'Tunisia',0,1604977657000,'admin',1604977657000,'admin'),(10160,0,1003,'Thailand',0,1604977657000,'admin',1604977657000,'admin'),(10161,0,1003,'Egypt',0,1604977657000,'admin',1604977657000,'admin'),(10162,0,1003,'Ethiopia',0,1604977657000,'admin',1604977657000,'admin'),(10163,0,1003,'Lesotho',0,1604977657000,'admin',1604977657000,'admin'),(10164,0,1003,'Mozambique',0,1604977657000,'admin',1604977657000,'admin'),(10165,0,1003,'Netherlands',0,1604977657000,'admin',1604977657000,'admin'),(10166,0,1003,'Netherlands Antilles',0,1604977657000,'admin',1604977657000,'admin'),(10167,0,1003,'Grenada',0,1604977657000,'admin',1604977657000,'admin'),(10168,0,1003,'Georgia',0,1604977657000,'admin',1604977657000,'admin'),(10169,0,1003,'Somalia',0,1604977657000,'admin',1604977657000,'admin'),(10170,0,1003,'Colombia',0,1604977657000,'admin',1604977657000,'admin'),(10171,0,1003,'Costa Rica',0,1604977657000,'admin',1604977657000,'admin'),(10172,0,1003,'Trinidad and Tobago',0,1604977657000,'admin',1604977657000,'admin'),(10173,0,1003,'Peru',0,1604977657000,'admin',1604977657000,'admin'),(10174,0,1003,'Ireland',0,1604977657000,'admin',1604977657000,'admin'),(10175,0,1003,'Estonia',0,1604977657000,'admin',1604977657000,'admin'),(10176,0,1003,'Haiti',0,1604977657000,'admin',1604977657000,'admin'),(10177,0,1003,'Czech Republic',0,1604977657000,'admin',1604977657000,'admin'),(10178,0,1003,'Kiribati',0,1604977657000,'admin',1604977657000,'admin'),(10179,0,1003,'Philippines',0,1604977657000,'admin',1604977657000,'admin'),(10180,0,1003,'El Salvador',0,1604977657000,'admin',1604977657000,'admin'),(10181,0,1003,'Samoa',0,1604977657000,'admin',1604977657000,'admin'),(10182,0,1003,'Federated States of Micronesia',0,1604977657000,'admin',1604977657000,'admin'),(10183,0,1003,'Tajikistan',0,1604977657000,'admin',1604977657000,'admin'),(10184,0,1003,'Vietnam',0,1604977657000,'admin',1604977657000,'admin'),(10185,0,1003,'Botswana',0,1604977657000,'admin',1604977657000,'admin'),(10186,0,1003,'Sri Lanka',0,1604977657000,'admin',1604977657000,'admin'),(10187,0,1003,'Swaziland',0,1604977657000,'admin',1604977657000,'admin'),(10188,0,1003,'Slovenia',0,1604977657000,'admin',1604977657000,'admin'),(10189,0,1003,'Slovakia',0,1604977657000,'admin',1604977657000,'admin'),(10190,0,1003,'Portugal',0,1604977657000,'admin',1604977657000,'admin'),(10191,0,1003,'Korea',0,1604977657000,'admin',1604977657000,'admin'),(10192,0,1003,'Democratic People\'s Republic of Korea',0,1604977657000,'admin',1604977657000,'admin'),(10193,0,1003,'Fiji',0,1604977657000,'admin',1604977657000,'admin'),(10194,0,1003,'Cameroon',0,1604977657000,'admin',1604977657000,'admin'),(10195,0,1003,'Republic of Montenegro',0,1604977657000,'admin',1604977657000,'admin'),(10196,0,1003,'Chile',0,1604977657000,'admin',1604977657000,'admin'),(10197,0,1003,'Austria',0,1604977657000,'admin',1604977657000,'admin'),(10198,0,1003,'Myanmar',0,1604977657000,'admin',1604977657000,'admin'),(10199,0,1003,'Switzerland',0,1604977657000,'admin',1604977657000,'admin'),(10200,0,1003,'Sweden',0,1604977657000,'admin',1604977657000,'admin'),(10201,0,1003,'Nauru',0,1604977657000,'admin',1604977657000,'admin'),(10202,0,1003,'Mongolia',0,1604977657000,'admin',1604977657000,'admin'),(10203,0,1003,'Singapore',0,1604977657000,'admin',1604977657000,'admin'),(10204,0,1003,'New Zealand',0,1604977657000,'admin',1604977657000,'admin'),(10205,0,1003,'Italy',0,1604977657000,'admin',1604977657000,'admin'),(10206,0,1003,'Senegal',0,1604977657000,'admin',1604977657000,'admin'),(10207,0,1003,'Republic of Serbia',0,1604977657000,'admin',1604977657000,'admin'),(10208,0,1003,'Seychelles',0,1604977657000,'admin',1604977657000,'admin'),(10209,0,1003,'Sierra Leone',0,1604977657000,'admin',1604977657000,'admin'),(10210,0,1003,'Cyprus',0,1604977657000,'admin',1604977657000,'admin'),(10211,0,1003,'Mexico',0,1604977657000,'admin',1604977657000,'admin'),(10212,0,1003,'Lebanon',0,1604977657000,'admin',1604977657000,'admin'),(10213,0,1003,'Germany',0,1604977657000,'admin',1604977657000,'admin'),(10214,0,1003,'Republic of Moldova',0,1604977657000,'admin',1604977657000,'admin'),(10215,0,1003,'Monaco',0,1604977657000,'admin',1604977657000,'admin'),(10216,0,1003,'Morocco',0,1604977657000,'admin',1604977657000,'admin'),(10217,0,1003,'Australia',0,1604977657000,'admin',1604977657000,'admin'),(10218,0,1003,'Zambia',0,1604977657000,'admin',1604977657000,'admin');

/*Table structure for table `rcd_dict_province_city_area` */

DROP TABLE IF EXISTS `rcd_dict_province_city_area`;

CREATE TABLE `rcd_dict_province_city_area` (
  `id` bigint NOT NULL COMMENT '主键',
  `pid` bigint DEFAULT NULL COMMENT '父id',
  `name` varchar(20) COLLATE utf8_bin DEFAULT NULL COMMENT '名称',
  `code` varchar(10) COLLATE utf8_bin DEFAULT NULL COMMENT '邮政编码',
  PRIMARY KEY (`id`)
) ENGINE=InnoDB DEFAULT CHARSET=utf8 COLLATE=utf8_bin;

/*Data for the table `rcd_dict_province_city_area` */

insert  into `rcd_dict_province_city_area`(`id`,`pid`,`name`,`code`) values (1,0,'北京','110000'),(2,0,'天津','120000'),(3,0,'河北省','130000'),(4,0,'山西省','140000'),(5,0,'内蒙古自治区','150000'),(6,0,'辽宁省','210000'),(7,0,'吉林省','220000'),(8,0,'黑龙江省','230000'),(9,0,'上海','310000'),(10,0,'江苏省','320000'),(11,0,'浙江省','330000'),(12,0,'安徽省','340000'),(13,0,'福建省','350000'),(14,0,'江西省','360000'),(15,0,'山东省','370000'),(16,0,'河南省','410000'),(17,0,'湖北省','420000'),(18,0,'湖南省','430000'),(19,0,'广东省','440000'),(20,0,'广西壮族自治区','450000'),(21,0,'海南省','460000'),(22,0,'重庆','500000'),(23,0,'四川省','510000'),(24,0,'贵州省','520000'),(25,0,'云南省','530000'),(26,0,'西藏自治区','540000'),(27,0,'陕西省','610000'),(28,0,'甘肃省','620000'),(29,0,'青海省','630000'),(30,0,'宁夏回族自治区','640000'),(31,0,'新疆维吾尔自治区','650000'),(32,0,'台湾','710000'),(33,0,'香港特别行政区','810000'),(34,0,'澳门特别行政区','820000'),(35,0,'钓鱼岛','900000'),(374,1,'北京市','110100'),(375,2,'天津市','120100'),(376,3,'石家庄市','130100'),(377,3,'唐山市','130200'),(378,3,'秦皇岛市','130300'),(379,3,'邯郸市','130400'),(380,3,'邢台市','130500'),(381,3,'保定市','130600'),(382,3,'张家口市','130700'),(383,3,'承德市','130800'),(384,3,'沧州市','130900'),(385,3,'廊坊市','131000'),(386,3,'衡水市','131100'),(387,4,'太原市','140100'),(388,4,'大同市','140200'),(389,4,'阳泉市','140300'),(390,4,'长治市','140400'),(391,4,'晋城市','140500'),(392,4,'朔州市','140600'),(393,4,'晋中市','140700'),(394,4,'运城市','140800'),(395,4,'忻州市','140900'),(396,4,'临汾市','141000'),(397,4,'吕梁市','141100'),(398,5,'呼和浩特市','150100'),(399,5,'包头市','150200'),(400,5,'乌海市','150300'),(401,5,'赤峰市','150400'),(402,5,'通辽市','150500'),(403,5,'鄂尔多斯市','150600'),(404,5,'呼伦贝尔市','150700'),(405,5,'巴彦淖尔市','150800'),(406,5,'乌兰察布市','150900'),(407,5,'兴安盟','152200'),(408,5,'锡林郭勒盟','152500'),(409,5,'阿拉善盟','152900'),(410,6,'沈阳市','210100'),(411,6,'大连市','210200'),(412,6,'鞍山市','210300'),(413,6,'抚顺市','210400'),(414,6,'本溪市','210500'),(415,6,'丹东市','210600'),(416,6,'锦州市','210700'),(417,6,'营口市','210800'),(418,6,'阜新市','210900'),(419,6,'辽阳市','211000'),(420,6,'盘锦市','211100'),(421,6,'铁岭市','211200'),(422,6,'朝阳市','211300'),(423,6,'葫芦岛市','211400'),(424,6,'金普新区','211500'),(425,7,'长春市','220100'),(426,7,'吉林市','220200'),(427,7,'四平市','220300'),(428,7,'辽源市','220400'),(429,7,'通化市','220500'),(430,7,'白山市','220600'),(431,7,'松原市','220700'),(432,7,'白城市','220800'),(433,7,'延边朝鲜族自治州','222400'),(434,8,'哈尔滨市','230100'),(435,8,'齐齐哈尔市','230200'),(436,8,'鸡西市','230300'),(437,8,'鹤岗市','230400'),(438,8,'双鸭山市','230500'),(439,8,'大庆市','230600'),(440,8,'伊春市','230700'),(441,8,'佳木斯市','230800'),(442,8,'七台河市','230900'),(443,8,'牡丹江市','231000'),(444,8,'黑河市','231100'),(445,8,'绥化市','231200'),(446,8,'大兴安岭地区','232700'),(447,9,'上海市','310100'),(448,10,'南京市','320100'),(449,10,'无锡市','320200'),(450,10,'徐州市','320300'),(451,10,'常州市','320400'),(452,10,'苏州市','320500'),(453,10,'南通市','320600'),(454,10,'连云港市','320700'),(455,10,'淮安市','320800'),(456,10,'盐城市','320900'),(457,10,'扬州市','321000'),(458,10,'镇江市','321100'),(459,10,'泰州市','321200'),(460,10,'宿迁市','321300'),(461,11,'杭州市','330100'),(462,11,'宁波市','330200'),(463,11,'温州市','330300'),(464,11,'嘉兴市','330400'),(465,11,'湖州市','330500'),(466,11,'绍兴市','330600'),(467,11,'金华市','330700'),(468,11,'衢州市','330800'),(469,11,'舟山市','330900'),(470,11,'台州市','331000'),(471,11,'丽水市','331100'),(472,11,'舟山群岛新区','331200'),(473,12,'合肥市','340100'),(474,12,'芜湖市','340200'),(475,12,'蚌埠市','340300'),(476,12,'淮南市','340400'),(477,12,'马鞍山市','340500'),(478,12,'淮北市','340600'),(479,12,'铜陵市','340700'),(480,12,'安庆市','340800'),(481,12,'黄山市','341000'),(482,12,'滁州市','341100'),(483,12,'阜阳市','341200'),(484,12,'宿州市','341300'),(485,12,'六安市','341500'),(486,12,'亳州市','341600'),(487,12,'池州市','341700'),(488,12,'宣城市','341800'),(489,13,'福州市','350100'),(490,13,'厦门市','350200'),(491,13,'莆田市','350300'),(492,13,'三明市','350400'),(493,13,'泉州市','350500'),(494,13,'漳州市','350600'),(495,13,'南平市','350700'),(496,13,'龙岩市','350800'),(497,13,'宁德市','350900'),(498,14,'南昌市','360100'),(499,14,'景德镇市','360200'),(500,14,'萍乡市','360300'),(501,14,'九江市','360400'),(502,14,'新余市','360500'),(503,14,'鹰潭市','360600'),(504,14,'赣州市','360700'),(505,14,'吉安市','360800'),(506,14,'宜春市','360900'),(507,14,'抚州市','361000'),(508,14,'上饶市','361100'),(509,15,'济南市','370100'),(510,15,'青岛市','370200'),(511,15,'淄博市','370300'),(512,15,'枣庄市','370400'),(513,15,'东营市','370500'),(514,15,'烟台市','370600'),(515,15,'潍坊市','370700'),(516,15,'济宁市','370800'),(517,15,'泰安市','370900'),(518,15,'威海市','371000'),(519,15,'日照市','371100'),(520,15,'莱芜市','371200'),(521,15,'临沂市','371300'),(522,15,'德州市','371400'),(523,15,'聊城市','371500'),(524,15,'滨州市','371600'),(525,15,'菏泽市','371700'),(526,16,'郑州市','410100'),(527,16,'开封市','410200'),(528,16,'洛阳市','410300'),(529,16,'平顶山市','410400'),(530,16,'安阳市','410500'),(531,16,'鹤壁市','410600'),(532,16,'新乡市','410700'),(533,16,'焦作市','410800'),(534,16,'濮阳市','410900'),(535,16,'许昌市','411000'),(536,16,'漯河市','411100'),(537,16,'三门峡市','411200'),(538,16,'南阳市','411300'),(539,16,'商丘市','411400'),(540,16,'信阳市','411500'),(541,16,'周口市','411600'),(542,16,'驻马店市','411700'),(543,16,'直辖县级','419000'),(544,17,'武汉市','420100'),(545,17,'黄石市','420200'),(546,17,'十堰市','420300'),(547,17,'宜昌市','420500'),(548,17,'襄阳市','420600'),(549,17,'鄂州市','420700'),(550,17,'荆门市','420800'),(551,17,'孝感市','420900'),(552,17,'荆州市','421000'),(553,17,'黄冈市','421100'),(554,17,'咸宁市','421200'),(555,17,'随州市','421300'),(556,17,'恩施土家族苗族自治州','422800'),(557,17,'直辖县级','429000'),(558,18,'长沙市','430100'),(559,18,'株洲市','430200'),(560,18,'湘潭市','430300'),(561,18,'衡阳市','430400'),(562,18,'邵阳市','430500'),(563,18,'岳阳市','430600'),(564,18,'常德市','430700'),(565,18,'张家界市','430800'),(566,18,'益阳市','430900'),(567,18,'郴州市','431000'),(568,18,'永州市','431100'),(569,18,'怀化市','431200'),(570,18,'娄底市','431300'),(571,18,'湘西土家族苗族自治州','433100'),(572,19,'广州市','440100'),(573,19,'韶关市','440200'),(574,19,'深圳市','440300'),(575,19,'珠海市','440400'),(576,19,'汕头市','440500'),(577,19,'佛山市','440600'),(578,19,'江门市','440700'),(579,19,'湛江市','440800'),(580,19,'茂名市','440900'),(581,19,'肇庆市','441200'),(582,19,'惠州市','441300'),(583,19,'梅州市','441400'),(584,19,'汕尾市','441500'),(585,19,'河源市','441600'),(586,19,'阳江市','441700'),(587,19,'清远市','441800'),(588,19,'东莞市','441900'),(589,19,'中山市','442000'),(590,19,'潮州市','445100'),(591,19,'揭阳市','445200'),(592,19,'云浮市','445300'),(593,20,'南宁市','450100'),(594,20,'柳州市','450200'),(595,20,'桂林市','450300'),(596,20,'梧州市','450400'),(597,20,'北海市','450500'),(598,20,'防城港市','450600'),(599,20,'钦州市','450700'),(600,20,'贵港市','450800'),(601,20,'玉林市','450900'),(602,20,'百色市','451000'),(603,20,'贺州市','451100'),(604,20,'河池市','451200'),(605,20,'来宾市','451300'),(606,20,'崇左市','451400'),(607,21,'海口市','460100'),(608,21,'三亚市','460200'),(609,21,'三沙市','460300'),(610,21,'直辖县级','469000'),(611,22,'重庆市','500100'),(612,22,'两江新区','500300'),(613,23,'成都市','510100'),(614,23,'自贡市','510300'),(615,23,'攀枝花市','510400'),(616,23,'泸州市','510500'),(617,23,'德阳市','510600'),(618,23,'绵阳市','510700'),(619,23,'广元市','510800'),(620,23,'遂宁市','510900'),(621,23,'内江市','511000'),(622,23,'乐山市','511100'),(623,23,'南充市','511300'),(624,23,'眉山市','511400'),(625,23,'宜宾市','511500'),(626,23,'广安市','511600'),(627,23,'达州市','511700'),(628,23,'雅安市','511800'),(629,23,'巴中市','511900'),(630,23,'资阳市','512000'),(631,23,'阿坝藏族羌族自治州','513200'),(632,23,'甘孜藏族自治州','513300'),(633,23,'凉山彝族自治州','513400'),(634,24,'贵阳市','520100'),(635,24,'六盘水市','520200'),(636,24,'遵义市','520300'),(637,24,'安顺市','520400'),(638,24,'毕节市','520500'),(639,24,'铜仁市','520600'),(640,24,'黔西南布依族苗族自治州','522300'),(641,24,'黔东南苗族侗族自治州','522600'),(642,24,'黔南布依族苗族自治州','522700'),(643,25,'昆明市','530100'),(644,25,'曲靖市','530300'),(645,25,'玉溪市','530400'),(646,25,'保山市','530500'),(647,25,'昭通市','530600'),(648,25,'丽江市','530700'),(649,25,'普洱市','530800'),(650,25,'临沧市','530900'),(651,25,'楚雄彝族自治州','532300'),(652,25,'红河哈尼族彝族自治州','532500'),(653,25,'文山壮族苗族自治州','532600'),(654,25,'西双版纳傣族自治州','532800'),(655,25,'大理白族自治州','532900'),(656,25,'德宏傣族景颇族自治州','533100'),(657,25,'怒江傈僳族自治州','533300'),(658,25,'迪庆藏族自治州','533400'),(659,26,'拉萨市','540100'),(660,26,'日喀则市','540200'),(661,26,'昌都市','540300'),(662,26,'山南地区','542200'),(663,26,'那曲地区','542400'),(664,26,'阿里地区','542500'),(665,26,'林芝地区','542600'),(666,27,'西安市','610100'),(667,27,'铜川市','610200'),(668,27,'宝鸡市','610300'),(669,27,'咸阳市','610400'),(670,27,'渭南市','610500'),(671,27,'延安市','610600'),(672,27,'汉中市','610700'),(673,27,'榆林市','610800'),(674,27,'安康市','610900'),(675,27,'商洛市','611000'),(676,27,'西咸新区','611100'),(677,28,'兰州市','620100'),(678,28,'嘉峪关市','620200'),(679,28,'金昌市','620300'),(680,28,'白银市','620400'),(681,28,'天水市','620500'),(682,28,'武威市','620600'),(683,28,'张掖市','620700'),(684,28,'平凉市','620800'),(685,28,'酒泉市','620900'),(686,28,'庆阳市','621000'),(687,28,'定西市','621100'),(688,28,'陇南市','621200'),(689,28,'临夏回族自治州','622900'),(690,28,'甘南藏族自治州','623000'),(691,29,'西宁市','630100'),(692,29,'海东市','630200'),(693,29,'海北藏族自治州','632200'),(694,29,'黄南藏族自治州','632300'),(695,29,'海南藏族自治州','632500'),(696,29,'果洛藏族自治州','632600'),(697,29,'玉树藏族自治州','632700'),(698,29,'海西蒙古族藏族自治州','632800'),(699,30,'银川市','640100'),(700,30,'石嘴山市','640200'),(701,30,'吴忠市','640300'),(702,30,'固原市','640400'),(703,30,'中卫市','640500'),(704,31,'乌鲁木齐市','650100'),(705,31,'克拉玛依市','650200'),(706,31,'吐鲁番地区','652100'),(707,31,'哈密地区','652200'),(708,31,'昌吉回族自治州','652300'),(709,31,'博尔塔拉蒙古自治州','652700'),(710,31,'巴音郭楞蒙古自治州','652800'),(711,31,'阿克苏地区','652900'),(712,31,'克孜勒苏柯尔克孜自治州','653000'),(713,31,'喀什地区','653100'),(714,31,'和田地区','653200'),(715,31,'伊犁哈萨克自治州','654000'),(716,31,'塔城地区','654200'),(717,31,'阿勒泰地区','654300'),(718,31,'直辖县级','659000'),(719,32,'台北市','710100'),(720,32,'高雄市','710200'),(721,32,'基隆市','710300'),(722,32,'台中市','710400'),(723,32,'台南市','710500'),(724,32,'新竹市','710600'),(725,32,'嘉义市','710700'),(726,32,'新北市','710800'),(727,32,'宜兰县','712200'),(728,32,'桃园县','712300'),(729,32,'新竹县','712400'),(730,32,'苗栗县','712500'),(731,32,'彰化县','712700'),(732,32,'南投县','712800'),(733,32,'云林县','712900'),(734,32,'嘉义县','713000'),(735,32,'屏东县','713300'),(736,32,'台东县','713400'),(737,32,'花莲县','713500'),(738,32,'澎湖县','713600'),(739,32,'金门县','713700'),(740,32,'连江县','713800'),(741,33,'香港岛','810100'),(742,33,'九龙','810200'),(743,33,'新界','810300'),(744,34,'澳门半岛','820100'),(745,34,'氹仔岛','820200'),(746,34,'路环岛','820300'),(3342,374,'东城区','110101'),(3343,374,'西城区','110102'),(3344,374,'朝阳区','110105'),(3345,374,'丰台区','110106'),(3346,374,'石景山区','110107'),(3347,374,'海淀区','110108'),(3348,374,'门头沟区','110109'),(3349,374,'房山区','110111'),(3350,374,'通州区','110112'),(3351,374,'顺义区','110113'),(3352,374,'昌平区','110114'),(3353,374,'大兴区','110115'),(3354,374,'怀柔区','110116'),(3355,374,'平谷区','110117'),(3356,374,'密云县','110228'),(3357,374,'延庆县','110229'),(3358,375,'和平区','120101'),(3359,375,'河东区','120102'),(3360,375,'河西区','120103'),(3361,375,'南开区','120104'),(3362,375,'河北区','120105'),(3363,375,'红桥区','120106'),(3364,375,'东丽区','120110'),(3365,375,'西青区','120111'),(3366,375,'津南区','120112'),(3367,375,'北辰区','120113'),(3368,375,'武清区','120114'),(3369,375,'宝坻区','120115'),(3370,375,'滨海新区','120116'),(3371,375,'宁河县','120221'),(3372,375,'静海县','120223'),(3373,375,'蓟县','120225'),(3374,376,'长安区','130102'),(3375,376,'桥西区','130104'),(3376,376,'新华区','130105'),(3377,376,'井陉矿区','130107'),(3378,376,'裕华区','130108'),(3379,376,'藁城区','130109'),(3380,376,'鹿泉区','130110'),(3381,376,'栾城区','130111'),(3382,376,'井陉县','130121'),(3383,376,'正定县','130123'),(3384,376,'行唐县','130125'),(3385,376,'灵寿县','130126'),(3386,376,'高邑县','130127'),(3387,376,'深泽县','130128'),(3388,376,'赞皇县','130129'),(3389,376,'无极县','130130'),(3390,376,'平山县','130131'),(3391,376,'元氏县','130132'),(3392,376,'赵县','130133'),(3393,376,'辛集市','130181'),(3394,376,'晋州市','130183'),(3395,376,'新乐市','130184'),(3396,377,'路南区','130202'),(3397,377,'路北区','130203'),(3398,377,'古冶区','130204'),(3399,377,'开平区','130205'),(3400,377,'丰南区','130207'),(3401,377,'丰润区','130208'),(3402,377,'曹妃甸区','130209'),(3403,377,'滦县','130223'),(3404,377,'滦南县','130224'),(3405,377,'乐亭县','130225'),(3406,377,'迁西县','130227'),(3407,377,'玉田县','130229'),(3408,377,'遵化市','130281'),(3409,377,'迁安市','130283'),(3410,378,'海港区','130302'),(3411,378,'山海关区','130303'),(3412,378,'北戴河区','130304'),(3413,378,'青龙满族自治县','130321'),(3414,378,'昌黎县','130322'),(3415,378,'抚宁县','130323'),(3416,378,'卢龙县','130324'),(3417,379,'邯山区','130402'),(3418,379,'丛台区','130403'),(3419,379,'复兴区','130404'),(3420,379,'峰峰矿区','130406'),(3421,379,'邯郸县','130421'),(3422,379,'临漳县','130423'),(3423,379,'成安县','130424'),(3424,379,'大名县','130425'),(3425,379,'涉县','130426'),(3426,379,'磁县','130427'),(3427,379,'肥乡县','130428'),(3428,379,'永年县','130429'),(3429,379,'邱县','130430'),(3430,379,'鸡泽县','130431'),(3431,379,'广平县','130432'),(3432,379,'馆陶县','130433'),(3433,379,'魏县','130434'),(3434,379,'曲周县','130435'),(3435,379,'武安市','130481'),(3436,380,'桥东区','130502'),(3437,380,'桥西区','130503'),(3438,380,'邢台县','130521'),(3439,380,'临城县','130522'),(3440,380,'内丘县','130523'),(3441,380,'柏乡县','130524'),(3442,380,'隆尧县','130525'),(3443,380,'任县','130526'),(3444,380,'南和县','130527'),(3445,380,'宁晋县','130528'),(3446,380,'巨鹿县','130529'),(3447,380,'新河县','130530'),(3448,380,'广宗县','130531'),(3449,380,'平乡县','130532'),(3450,380,'威县','130533'),(3451,380,'清河县','130534'),(3452,380,'临西县','130535'),(3453,380,'南宫市','130581'),(3454,380,'沙河市','130582'),(3455,381,'新市区','130602'),(3456,381,'北市区','130603'),(3457,381,'南市区','130604'),(3458,381,'满城县','130621'),(3459,381,'清苑县','130622'),(3460,381,'涞水县','130623'),(3461,381,'阜平县','130624'),(3462,381,'徐水县','130625'),(3463,381,'定兴县','130626'),(3464,381,'唐县','130627'),(3465,381,'高阳县','130628'),(3466,381,'容城县','130629'),(3467,381,'涞源县','130630'),(3468,381,'望都县','130631'),(3469,381,'安新县','130632'),(3470,381,'易县','130633'),(3471,381,'曲阳县','130634'),(3472,381,'蠡县','130635'),(3473,381,'顺平县','130636'),(3474,381,'博野县','130637'),(3475,381,'雄县','130638'),(3476,381,'涿州市','130681'),(3477,381,'定州市','130682'),(3478,381,'安国市','130683'),(3479,381,'高碑店市','130684'),(3480,382,'桥东区','130702'),(3481,382,'桥西区','130703'),(3482,382,'宣化区','130705'),(3483,382,'下花园区','130706'),(3484,382,'宣化县','130721'),(3485,382,'张北县','130722'),(3486,382,'康保县','130723'),(3487,382,'沽源县','130724'),(3488,382,'尚义县','130725'),(3489,382,'蔚县','130726'),(3490,382,'阳原县','130727'),(3491,382,'怀安县','130728'),(3492,382,'万全县','130729'),(3493,382,'怀来县','130730'),(3494,382,'涿鹿县','130731'),(3495,382,'赤城县','130732'),(3496,382,'崇礼县','130733'),(3497,383,'双桥区','130802'),(3498,383,'双滦区','130803'),(3499,383,'鹰手营子矿区','130804'),(3500,383,'承德县','130821'),(3501,383,'兴隆县','130822'),(3502,383,'平泉县','130823'),(3503,383,'滦平县','130824'),(3504,383,'隆化县','130825'),(3505,383,'丰宁满族自治县','130826'),(3506,383,'宽城满族自治县','130827'),(3507,383,'围场满族蒙古族自治县','130828'),(3508,384,'新华区','130902'),(3509,384,'运河区','130903'),(3510,384,'沧县','130921'),(3511,384,'青县','130922'),(3512,384,'东光县','130923'),(3513,384,'海兴县','130924'),(3514,384,'盐山县','130925'),(3515,384,'肃宁县','130926'),(3516,384,'南皮县','130927'),(3517,384,'吴桥县','130928'),(3518,384,'献县','130929'),(3519,384,'孟村回族自治县','130930'),(3520,384,'泊头市','130981'),(3521,384,'任丘市','130982'),(3522,384,'黄骅市','130983'),(3523,384,'河间市','130984'),(3524,385,'安次区','131002'),(3525,385,'广阳区','131003'),(3526,385,'固安县','131022'),(3527,385,'永清县','131023'),(3528,385,'香河县','131024'),(3529,385,'大城县','131025'),(3530,385,'文安县','131026'),(3531,385,'大厂回族自治县','131028'),(3532,385,'霸州市','131081'),(3533,385,'三河市','131082'),(3534,386,'桃城区','131102'),(3535,386,'枣强县','131121'),(3536,386,'武邑县','131122'),(3537,386,'武强县','131123'),(3538,386,'饶阳县','131124'),(3539,386,'安平县','131125'),(3540,386,'故城县','131126'),(3541,386,'景县','131127'),(3542,386,'阜城县','131128'),(3543,386,'冀州市','131181'),(3544,386,'深州市','131182'),(3545,387,'小店区','140105'),(3546,387,'迎泽区','140106'),(3547,387,'杏花岭区','140107'),(3548,387,'尖草坪区','140108'),(3549,387,'万柏林区','140109'),(3550,387,'晋源区','140110'),(3551,387,'清徐县','140121'),(3552,387,'阳曲县','140122'),(3553,387,'娄烦县','140123'),(3554,387,'古交市','140181'),(3555,388,'城区','140202'),(3556,388,'矿区','140203'),(3557,388,'南郊区','140211'),(3558,388,'新荣区','140212'),(3559,388,'阳高县','140221'),(3560,388,'天镇县','140222'),(3561,388,'广灵县','140223'),(3562,388,'灵丘县','140224'),(3563,388,'浑源县','140225'),(3564,388,'左云县','140226'),(3565,388,'大同县','140227'),(3566,389,'城区','140302'),(3567,389,'矿区','140303'),(3568,389,'郊区','140311'),(3569,389,'平定县','140321'),(3570,389,'盂县','140322'),(3571,390,'城区','140402'),(3572,390,'郊区','140411'),(3573,390,'长治县','140421'),(3574,390,'襄垣县','140423'),(3575,390,'屯留县','140424'),(3576,390,'平顺县','140425'),(3577,390,'黎城县','140426'),(3578,390,'壶关县','140427'),(3579,390,'长子县','140428'),(3580,390,'武乡县','140429'),(3581,390,'沁县','140430'),(3582,390,'沁源县','140431'),(3583,390,'潞城市','140481'),(3584,391,'城区','140502'),(3585,391,'沁水县','140521'),(3586,391,'阳城县','140522'),(3587,391,'陵川县','140524'),(3588,391,'泽州县','140525'),(3589,391,'高平市','140581'),(3590,392,'朔城区','140602'),(3591,392,'平鲁区','140603'),(3592,392,'山阴县','140621'),(3593,392,'应县','140622'),(3594,392,'右玉县','140623'),(3595,392,'怀仁县','140624'),(3596,393,'榆次区','140702'),(3597,393,'榆社县','140721'),(3598,393,'左权县','140722'),(3599,393,'和顺县','140723'),(3600,393,'昔阳县','140724'),(3601,393,'寿阳县','140725'),(3602,393,'太谷县','140726'),(3603,393,'祁县','140727'),(3604,393,'平遥县','140728'),(3605,393,'灵石县','140729'),(3606,393,'介休市','140781'),(3607,394,'盐湖区','140802'),(3608,394,'临猗县','140821'),(3609,394,'万荣县','140822'),(3610,394,'闻喜县','140823'),(3611,394,'稷山县','140824'),(3612,394,'新绛县','140825'),(3613,394,'绛县','140826'),(3614,394,'垣曲县','140827'),(3615,394,'夏县','140828'),(3616,394,'平陆县','140829'),(3617,394,'芮城县','140830'),(3618,394,'永济市','140881'),(3619,394,'河津市','140882'),(3620,395,'忻府区','140902'),(3621,395,'定襄县','140921'),(3622,395,'五台县','140922'),(3623,395,'代县','140923'),(3624,395,'繁峙县','140924'),(3625,395,'宁武县','140925'),(3626,395,'静乐县','140926'),(3627,395,'神池县','140927'),(3628,395,'五寨县','140928'),(3629,395,'岢岚县','140929'),(3630,395,'河曲县','140930'),(3631,395,'保德县','140931'),(3632,395,'偏关县','140932'),(3633,395,'原平市','140981'),(3634,396,'尧都区','141002'),(3635,396,'曲沃县','141021'),(3636,396,'翼城县','141022'),(3637,396,'襄汾县','141023'),(3638,396,'洪洞县','141024'),(3639,396,'古县','141025'),(3640,396,'安泽县','141026'),(3641,396,'浮山县','141027'),(3642,396,'吉县','141028'),(3643,396,'乡宁县','141029'),(3644,396,'大宁县','141030'),(3645,396,'隰县','141031'),(3646,396,'永和县','141032'),(3647,396,'蒲县','141033'),(3648,396,'汾西县','141034'),(3649,396,'侯马市','141081'),(3650,396,'霍州市','141082'),(3651,397,'离石区','141102'),(3652,397,'文水县','141121'),(3653,397,'交城县','141122'),(3654,397,'兴县','141123'),(3655,397,'临县','141124'),(3656,397,'柳林县','141125'),(3657,397,'石楼县','141126'),(3658,397,'岚县','141127'),(3659,397,'方山县','141128'),(3660,397,'中阳县','141129'),(3661,397,'交口县','141130'),(3662,397,'孝义市','141181'),(3663,397,'汾阳市','141182'),(3664,398,'新城区','150102'),(3665,398,'回民区','150103'),(3666,398,'玉泉区','150104'),(3667,398,'赛罕区','150105'),(3668,398,'土默特左旗','150121'),(3669,398,'托克托县','150122'),(3670,398,'和林格尔县','150123'),(3671,398,'清水河县','150124'),(3672,398,'武川县','150125'),(3673,399,'东河区','150202'),(3674,399,'昆都仑区','150203'),(3675,399,'青山区','150204'),(3676,399,'石拐区','150205'),(3677,399,'白云鄂博矿区','150206'),(3678,399,'九原区','150207'),(3679,399,'土默特右旗','150221'),(3680,399,'固阳县','150222'),(3681,399,'达尔罕茂明安联合旗','150223'),(3682,400,'海勃湾区','150302'),(3683,400,'海南区','150303'),(3684,400,'乌达区','150304'),(3685,401,'红山区','150402'),(3686,401,'元宝山区','150403'),(3687,401,'松山区','150404'),(3688,401,'阿鲁科尔沁旗','150421'),(3689,401,'巴林左旗','150422'),(3690,401,'巴林右旗','150423'),(3691,401,'林西县','150424'),(3692,401,'克什克腾旗','150425'),(3693,401,'翁牛特旗','150426'),(3694,401,'喀喇沁旗','150428'),(3695,401,'宁城县','150429'),(3696,401,'敖汉旗','150430'),(3697,402,'科尔沁区','150502'),(3698,402,'科尔沁左翼中旗','150521'),(3699,402,'科尔沁左翼后旗','150522'),(3700,402,'开鲁县','150523'),(3701,402,'库伦旗','150524'),(3702,402,'奈曼旗','150525'),(3703,402,'扎鲁特旗','150526'),(3704,402,'霍林郭勒市','150581'),(3705,403,'东胜区','150602'),(3706,403,'达拉特旗','150621'),(3707,403,'准格尔旗','150622'),(3708,403,'鄂托克前旗','150623'),(3709,403,'鄂托克旗','150624'),(3710,403,'杭锦旗','150625'),(3711,403,'乌审旗','150626'),(3712,403,'伊金霍洛旗','150627'),(3713,404,'海拉尔区','150702'),(3714,404,'扎赉诺尔区','150703'),(3715,404,'阿荣旗','150721'),(3716,404,'莫力达瓦达斡尔族自治旗','150722'),(3717,404,'鄂伦春自治旗','150723'),(3718,404,'鄂温克族自治旗','150724'),(3719,404,'陈巴尔虎旗','150725'),(3720,404,'新巴尔虎左旗','150726'),(3721,404,'新巴尔虎右旗','150727'),(3722,404,'满洲里市','150781'),(3723,404,'牙克石市','150782'),(3724,404,'扎兰屯市','150783'),(3725,404,'额尔古纳市','150784'),(3726,404,'根河市','150785'),(3727,405,'临河区','150802'),(3728,405,'五原县','150821'),(3729,405,'磴口县','150822'),(3730,405,'乌拉特前旗','150823'),(3731,405,'乌拉特中旗','150824'),(3732,405,'乌拉特后旗','150825'),(3733,405,'杭锦后旗','150826'),(3734,406,'集宁区','150902'),(3735,406,'卓资县','150921'),(3736,406,'化德县','150922'),(3737,406,'商都县','150923'),(3738,406,'兴和县','150924'),(3739,406,'凉城县','150925'),(3740,406,'察哈尔右翼前旗','150926'),(3741,406,'察哈尔右翼中旗','150927'),(3742,406,'察哈尔右翼后旗','150928'),(3743,406,'四子王旗','150929'),(3744,406,'丰镇市','150981'),(3745,407,'乌兰浩特市','152201'),(3746,407,'阿尔山市','152202'),(3747,407,'科尔沁右翼前旗','152221'),(3748,407,'科尔沁右翼中旗','152222'),(3749,407,'扎赉特旗','152223'),(3750,407,'突泉县','152224'),(3751,408,'二连浩特市','152501'),(3752,408,'锡林浩特市','152502'),(3753,408,'阿巴嘎旗','152522'),(3754,408,'苏尼特左旗','152523'),(3755,408,'苏尼特右旗','152524'),(3756,408,'东乌珠穆沁旗','152525'),(3757,408,'西乌珠穆沁旗','152526'),(3758,408,'太仆寺旗','152527'),(3759,408,'镶黄旗','152528'),(3760,408,'正镶白旗','152529'),(3761,408,'正蓝旗','152530'),(3762,408,'多伦县','152531'),(3763,409,'阿拉善左旗','152921'),(3764,409,'阿拉善右旗','152922'),(3765,409,'额济纳旗','152923'),(3766,410,'和平区','210102'),(3767,410,'沈河区','210103'),(3768,410,'大东区','210104'),(3769,410,'皇姑区','210105'),(3770,410,'铁西区','210106'),(3771,410,'苏家屯区','210111'),(3772,410,'浑南区','210112'),(3773,410,'沈北新区','210113'),(3774,410,'于洪区','210114'),(3775,410,'辽中县','210122'),(3776,410,'康平县','210123'),(3777,410,'法库县','210124'),(3778,410,'新民市','210181'),(3779,411,'中山区','210202'),(3780,411,'西岗区','210203'),(3781,411,'沙河口区','210204'),(3782,411,'甘井子区','210211'),(3783,411,'旅顺口区','210212'),(3784,411,'金州区','210213'),(3785,411,'长海县','210224'),(3786,411,'瓦房店市','210281'),(3787,411,'普兰店市','210282'),(3788,411,'庄河市','210283'),(3789,412,'铁东区','210302'),(3790,412,'铁西区','210303'),(3791,412,'立山区','210304'),(3792,412,'千山区','210311'),(3793,412,'台安县','210321'),(3794,412,'岫岩满族自治县','210323'),(3795,412,'海城市','210381'),(3796,413,'新抚区','210402'),(3797,413,'东洲区','210403'),(3798,413,'望花区','210404'),(3799,413,'顺城区','210411'),(3800,413,'抚顺县','210421'),(3801,413,'新宾满族自治县','210422'),(3802,413,'清原满族自治县','210423'),(3803,414,'平山区','210502'),(3804,414,'溪湖区','210503'),(3805,414,'明山区','210504'),(3806,414,'南芬区','210505'),(3807,414,'本溪满族自治县','210521'),(3808,414,'桓仁满族自治县','210522'),(3809,415,'元宝区','210602'),(3810,415,'振兴区','210603'),(3811,415,'振安区','210604'),(3812,415,'宽甸满族自治县','210624'),(3813,415,'东港市','210681'),(3814,415,'凤城市','210682'),(3815,416,'古塔区','210702'),(3816,416,'凌河区','210703'),(3817,416,'太和区','210711'),(3818,416,'黑山县','210726'),(3819,416,'义县','210727'),(3820,416,'凌海市','210781'),(3821,416,'北镇市','210782'),(3822,417,'站前区','210802'),(3823,417,'西市区','210803'),(3824,417,'鲅鱼圈区','210804'),(3825,417,'老边区','210811'),(3826,417,'盖州市','210881'),(3827,417,'大石桥市','210882'),(3828,418,'海州区','210902'),(3829,418,'新邱区','210903'),(3830,418,'太平区','210904'),(3831,418,'清河门区','210905'),(3832,418,'细河区','210911'),(3833,418,'阜新蒙古族自治县','210921'),(3834,418,'彰武县','210922'),(3835,419,'白塔区','211002'),(3836,419,'文圣区','211003'),(3837,419,'宏伟区','211004'),(3838,419,'弓长岭区','211005'),(3839,419,'太子河区','211011'),(3840,419,'辽阳县','211021'),(3841,419,'灯塔市','211081'),(3842,420,'双台子区','211102'),(3843,420,'兴隆台区','211103'),(3844,420,'大洼县','211121'),(3845,420,'盘山县','211122'),(3846,421,'银州区','211202'),(3847,421,'清河区','211204'),(3848,421,'铁岭县','211221'),(3849,421,'西丰县','211223'),(3850,421,'昌图县','211224'),(3851,421,'调兵山市','211281'),(3852,421,'开原市','211282'),(3853,422,'双塔区','211302'),(3854,422,'龙城区','211303'),(3855,422,'朝阳县','211321'),(3856,422,'建平县','211322'),(3857,422,'喀喇沁左翼蒙古族自治县','211324'),(3858,422,'北票市','211381'),(3859,422,'凌源市','211382'),(3860,423,'连山区','211402'),(3861,423,'龙港区','211403'),(3862,423,'南票区','211404'),(3863,423,'绥中县','211421'),(3864,423,'建昌县','211422'),(3865,423,'兴城市','211481'),(3866,424,'金州新区','211501'),(3867,424,'普湾新区','211502'),(3868,424,'保税区','211503'),(3869,425,'南关区','220102'),(3870,425,'宽城区','220103'),(3871,425,'朝阳区','220104'),(3872,425,'二道区','220105'),(3873,425,'绿园区','220106'),(3874,425,'双阳区','220112'),(3875,425,'九台区','220113'),(3876,425,'农安县','220122'),(3877,425,'榆树市','220182'),(3878,425,'德惠市','220183'),(3879,426,'昌邑区','220202'),(3880,426,'龙潭区','220203'),(3881,426,'船营区','220204'),(3882,426,'丰满区','220211'),(3883,426,'永吉县','220221'),(3884,426,'蛟河市','220281'),(3885,426,'桦甸市','220282'),(3886,426,'舒兰市','220283'),(3887,426,'磐石市','220284'),(3888,427,'铁西区','220302'),(3889,427,'铁东区','220303'),(3890,427,'梨树县','220322'),(3891,427,'伊通满族自治县','220323'),(3892,427,'公主岭市','220381'),(3893,427,'双辽市','220382'),(3894,428,'龙山区','220402'),(3895,428,'西安区','220403'),(3896,428,'东丰县','220421'),(3897,428,'东辽县','220422'),(3898,429,'东昌区','220502'),(3899,429,'二道江区','220503'),(3900,429,'通化县','220521'),(3901,429,'辉南县','220523'),(3902,429,'柳河县','220524'),(3903,429,'梅河口市','220581'),(3904,429,'集安市','220582'),(3905,430,'浑江区','220602'),(3906,430,'江源区','220605'),(3907,430,'抚松县','220621'),(3908,430,'靖宇县','220622'),(3909,430,'长白朝鲜族自治县','220623'),(3910,430,'临江市','220681'),(3911,431,'宁江区','220702'),(3912,431,'前郭尔罗斯蒙古族自治县','220721'),(3913,431,'长岭县','220722'),(3914,431,'乾安县','220723'),(3915,431,'扶余市','220781'),(3916,432,'洮北区','220802'),(3917,432,'镇赉县','220821'),(3918,432,'通榆县','220822'),(3919,432,'洮南市','220881'),(3920,432,'大安市','220882'),(3921,433,'延吉市','222401'),(3922,433,'图们市','222402'),(3923,433,'敦化市','222403'),(3924,433,'珲春市','222404'),(3925,433,'龙井市','222405'),(3926,433,'和龙市','222406'),(3927,433,'汪清县','222424'),(3928,433,'安图县','222426'),(3929,434,'道里区','230102'),(3930,434,'南岗区','230103'),(3931,434,'道外区','230104'),(3932,434,'平房区','230108'),(3933,434,'松北区','230109'),(3934,434,'香坊区','230110'),(3935,434,'呼兰区','230111'),(3936,434,'阿城区','230112'),(3937,434,'双城区','230113'),(3938,434,'依兰县','230123'),(3939,434,'方正县','230124'),(3940,434,'宾县','230125'),(3941,434,'巴彦县','230126'),(3942,434,'木兰县','230127'),(3943,434,'通河县','230128'),(3944,434,'延寿县','230129'),(3945,434,'尚志市','230183'),(3946,434,'五常市','230184'),(3947,435,'龙沙区','230202'),(3948,435,'建华区','230203'),(3949,435,'铁锋区','230204'),(3950,435,'昂昂溪区','230205'),(3951,435,'富拉尔基区','230206'),(3952,435,'碾子山区','230207'),(3953,435,'梅里斯达斡尔族区','230208'),(3954,435,'龙江县','230221'),(3955,435,'依安县','230223'),(3956,435,'泰来县','230224'),(3957,435,'甘南县','230225'),(3958,435,'富裕县','230227'),(3959,435,'克山县','230229'),(3960,435,'克东县','230230'),(3961,435,'拜泉县','230231'),(3962,435,'讷河市','230281'),(3963,436,'鸡冠区','230302'),(3964,436,'恒山区','230303'),(3965,436,'滴道区','230304'),(3966,436,'梨树区','230305'),(3967,436,'城子河区','230306'),(3968,436,'麻山区','230307'),(3969,436,'鸡东县','230321'),(3970,436,'虎林市','230381'),(3971,436,'密山市','230382'),(3972,437,'向阳区','230402'),(3973,437,'工农区','230403'),(3974,437,'南山区','230404'),(3975,437,'兴安区','230405'),(3976,437,'东山区','230406'),(3977,437,'兴山区','230407'),(3978,437,'萝北县','230421'),(3979,437,'绥滨县','230422'),(3980,438,'尖山区','230502'),(3981,438,'岭东区','230503'),(3982,438,'四方台区','230505'),(3983,438,'宝山区','230506'),(3984,438,'集贤县','230521'),(3985,438,'友谊县','230522'),(3986,438,'宝清县','230523'),(3987,438,'饶河县','230524'),(3988,439,'萨尔图区','230602'),(3989,439,'龙凤区','230603'),(3990,439,'让胡路区','230604'),(3991,439,'红岗区','230605'),(3992,439,'大同区','230606'),(3993,439,'肇州县','230621'),(3994,439,'肇源县','230622'),(3995,439,'林甸县','230623'),(3996,439,'杜尔伯特蒙古族自治县','230624'),(3997,440,'伊春区','230702'),(3998,440,'南岔区','230703'),(3999,440,'友好区','230704'),(4000,440,'西林区','230705'),(4001,440,'翠峦区','230706'),(4002,440,'新青区','230707'),(4003,440,'美溪区','230708'),(4004,440,'金山屯区','230709'),(4005,440,'五营区','230710'),(4006,440,'乌马河区','230711'),(4007,440,'汤旺河区','230712'),(4008,440,'带岭区','230713'),(4009,440,'乌伊岭区','230714'),(4010,440,'红星区','230715'),(4011,440,'上甘岭区','230716'),(4012,440,'嘉荫县','230722'),(4013,440,'铁力市','230781'),(4014,441,'向阳区','230803'),(4015,441,'前进区','230804'),(4016,441,'东风区','230805'),(4017,441,'郊区','230811'),(4018,441,'桦南县','230822'),(4019,441,'桦川县','230826'),(4020,441,'汤原县','230828'),(4021,441,'抚远县','230833'),(4022,441,'同江市','230881'),(4023,441,'富锦市','230882'),(4024,442,'新兴区','230902'),(4025,442,'桃山区','230903'),(4026,442,'茄子河区','230904'),(4027,442,'勃利县','230921'),(4028,443,'东安区','231002'),(4029,443,'阳明区','231003'),(4030,443,'爱民区','231004'),(4031,443,'西安区','231005'),(4032,443,'东宁县','231024'),(4033,443,'林口县','231025'),(4034,443,'绥芬河市','231081'),(4035,443,'海林市','231083'),(4036,443,'宁安市','231084'),(4037,443,'穆棱市','231085'),(4038,444,'爱辉区','231102'),(4039,444,'嫩江县','231121'),(4040,444,'逊克县','231123'),(4041,444,'孙吴县','231124'),(4042,444,'北安市','231181'),(4043,444,'五大连池市','231182'),(4044,445,'北林区','231202'),(4045,445,'望奎县','231221'),(4046,445,'兰西县','231222'),(4047,445,'青冈县','231223'),(4048,445,'庆安县','231224'),(4049,445,'明水县','231225'),(4050,445,'绥棱县','231226'),(4051,445,'安达市','231281'),(4052,445,'肇东市','231282'),(4053,445,'海伦市','231283'),(4054,446,'加格达奇区','232701'),(4055,446,'新林区','232702'),(4056,446,'松岭区','232703'),(4057,446,'呼中区','232704'),(4058,446,'呼玛县','232721'),(4059,446,'塔河县','232722'),(4060,446,'漠河县','232723'),(4061,447,'黄浦区','310101'),(4062,447,'徐汇区','310104'),(4063,447,'长宁区','310105'),(4064,447,'静安区','310106'),(4065,447,'普陀区','310107'),(4066,447,'闸北区','310108'),(4067,447,'虹口区','310109'),(4068,447,'杨浦区','310110'),(4069,447,'闵行区','310112'),(4070,447,'宝山区','310113'),(4071,447,'嘉定区','310114'),(4072,447,'浦东新区','310115'),(4073,447,'金山区','310116'),(4074,447,'松江区','310117'),(4075,447,'青浦区','310118'),(4076,447,'奉贤区','310120'),(4077,447,'崇明县','310230'),(4078,448,'玄武区','320102'),(4079,448,'秦淮区','320104'),(4080,448,'建邺区','320105'),(4081,448,'鼓楼区','320106'),(4082,448,'浦口区','320111'),(4083,448,'栖霞区','320113'),(4084,448,'雨花台区','320114'),(4085,448,'江宁区','320115'),(4086,448,'六合区','320116'),(4087,448,'溧水区','320117'),(4088,448,'高淳区','320118'),(4089,449,'崇安区','320202'),(4090,449,'南长区','320203'),(4091,449,'北塘区','320204'),(4092,449,'锡山区','320205'),(4093,449,'惠山区','320206'),(4094,449,'滨湖区','320211'),(4095,449,'江阴市','320281'),(4096,449,'宜兴市','320282'),(4097,450,'鼓楼区','320302'),(4098,450,'云龙区','320303'),(4099,450,'贾汪区','320305'),(4100,450,'泉山区','320311'),(4101,450,'铜山区','320312'),(4102,450,'丰县','320321'),(4103,450,'沛县','320322'),(4104,450,'睢宁县','320324'),(4105,450,'新沂市','320381'),(4106,450,'邳州市','320382'),(4107,451,'天宁区','320402'),(4108,451,'钟楼区','320404'),(4109,451,'戚墅堰区','320405'),(4110,451,'新北区','320411'),(4111,451,'武进区','320412'),(4112,451,'溧阳市','320481'),(4113,451,'金坛市','320482'),(4114,452,'虎丘区','320505'),(4115,452,'吴中区','320506'),(4116,452,'相城区','320507'),(4117,452,'姑苏区','320508'),(4118,452,'吴江区','320509'),(4119,452,'常熟市','320581'),(4120,452,'张家港市','320582'),(4121,452,'昆山市','320583'),(4122,452,'太仓市','320585'),(4123,453,'崇川区','320602'),(4124,453,'港闸区','320611'),(4125,453,'通州区','320612'),(4126,453,'海安县','320621'),(4127,453,'如东县','320623'),(4128,453,'启东市','320681'),(4129,453,'如皋市','320682'),(4130,453,'海门市','320684'),(4131,454,'连云区','320703'),(4132,454,'海州区','320706'),(4133,454,'赣榆区','320707'),(4134,454,'东海县','320722'),(4135,454,'灌云县','320723'),(4136,454,'灌南县','320724'),(4137,455,'清河区','320802'),(4138,455,'淮安区','320803'),(4139,455,'淮阴区','320804'),(4140,455,'清浦区','320811'),(4141,455,'涟水县','320826'),(4142,455,'洪泽县','320829'),(4143,455,'盱眙县','320830'),(4144,455,'金湖县','320831'),(4145,456,'亭湖区','320902'),(4146,456,'盐都区','320903'),(4147,456,'响水县','320921'),(4148,456,'滨海县','320922'),(4149,456,'阜宁县','320923'),(4150,456,'射阳县','320924'),(4151,456,'建湖县','320925'),(4152,456,'东台市','320981'),(4153,456,'大丰市','320982'),(4154,457,'广陵区','321002'),(4155,457,'邗江区','321003'),(4156,457,'江都区','321012'),(4157,457,'宝应县','321023'),(4158,457,'仪征市','321081'),(4159,457,'高邮市','321084'),(4160,458,'京口区','321102'),(4161,458,'润州区','321111'),(4162,458,'丹徒区','321112'),(4163,458,'丹阳市','321181'),(4164,458,'扬中市','321182'),(4165,458,'句容市','321183'),(4166,459,'海陵区','321202'),(4167,459,'高港区','321203'),(4168,459,'姜堰区','321204'),(4169,459,'兴化市','321281'),(4170,459,'靖江市','321282'),(4171,459,'泰兴市','321283'),(4172,460,'宿城区','321302'),(4173,460,'宿豫区','321311'),(4174,460,'沭阳县','321322'),(4175,460,'泗阳县','321323'),(4176,460,'泗洪县','321324'),(4177,461,'上城区','330102'),(4178,461,'下城区','330103'),(4179,461,'江干区','330104'),(4180,461,'拱墅区','330105'),(4181,461,'西湖区','330106'),(4182,461,'滨江区','330108'),(4183,461,'萧山区','330109'),(4184,461,'余杭区','330110'),(4185,461,'桐庐县','330122'),(4186,461,'淳安县','330127'),(4187,461,'建德市','330182'),(4188,461,'富阳区','330183'),(4189,461,'临安市','330185'),(4190,462,'海曙区','330203'),(4191,462,'江东区','330204'),(4192,462,'江北区','330205'),(4193,462,'北仑区','330206'),(4194,462,'镇海区','330211'),(4195,462,'鄞州区','330212'),(4196,462,'象山县','330225'),(4197,462,'宁海县','330226'),(4198,462,'余姚市','330281'),(4199,462,'慈溪市','330282'),(4200,462,'奉化市','330283'),(4201,463,'鹿城区','330302'),(4202,463,'龙湾区','330303'),(4203,463,'瓯海区','330304'),(4204,463,'洞头县','330322'),(4205,463,'永嘉县','330324'),(4206,463,'平阳县','330326'),(4207,463,'苍南县','330327'),(4208,463,'文成县','330328'),(4209,463,'泰顺县','330329'),(4210,463,'瑞安市','330381'),(4211,463,'乐清市','330382'),(4212,464,'南湖区','330402'),(4213,464,'秀洲区','330411'),(4214,464,'嘉善县','330421'),(4215,464,'海盐县','330424'),(4216,464,'海宁市','330481'),(4217,464,'平湖市','330482'),(4218,464,'桐乡市','330483'),(4219,465,'吴兴区','330502'),(4220,465,'南浔区','330503'),(4221,465,'德清县','330521'),(4222,465,'长兴县','330522'),(4223,465,'安吉县','330523'),(4224,466,'越城区','330602'),(4225,466,'柯桥区','330603'),(4226,466,'上虞区','330604'),(4227,466,'新昌县','330624'),(4228,466,'诸暨市','330681'),(4229,466,'嵊州市','330683'),(4230,467,'婺城区','330702'),(4231,467,'金东区','330703'),(4232,467,'武义县','330723'),(4233,467,'浦江县','330726'),(4234,467,'磐安县','330727'),(4235,467,'兰溪市','330781'),(4236,467,'义乌市','330782'),(4237,467,'东阳市','330783'),(4238,467,'永康市','330784'),(4239,468,'柯城区','330802'),(4240,468,'衢江区','330803'),(4241,468,'常山县','330822'),(4242,468,'开化县','330824'),(4243,468,'龙游县','330825'),(4244,468,'江山市','330881'),(4245,469,'定海区','330902'),(4246,469,'普陀区','330903'),(4247,469,'岱山县','330921'),(4248,469,'嵊泗县','330922'),(4249,470,'椒江区','331002'),(4250,470,'黄岩区','331003'),(4251,470,'路桥区','331004'),(4252,470,'玉环县','331021'),(4253,470,'三门县','331022'),(4254,470,'天台县','331023'),(4255,470,'仙居县','331024'),(4256,470,'温岭市','331081'),(4257,470,'临海市','331082'),(4258,471,'莲都区','331102'),(4259,471,'青田县','331121'),(4260,471,'缙云县','331122'),(4261,471,'遂昌县','331123'),(4262,471,'松阳县','331124'),(4263,471,'云和县','331125'),(4264,471,'庆元县','331126'),(4265,471,'景宁畲族自治县','331127'),(4266,471,'龙泉市','331181'),(4267,472,'金塘岛','331201'),(4268,472,'六横岛','331202'),(4269,472,'衢山岛','331203'),(4270,472,'舟山本岛西北部','331204'),(4271,472,'岱山岛西南部','331205'),(4272,472,'泗礁岛','331206'),(4273,472,'朱家尖岛','331207'),(4274,472,'洋山岛','331208'),(4275,472,'长涂岛','331209'),(4276,472,'虾峙岛','331210'),(4277,473,'瑶海区','340102'),(4278,473,'庐阳区','340103'),(4279,473,'蜀山区','340104'),(4280,473,'包河区','340111'),(4281,473,'长丰县','340121'),(4282,473,'肥东县','340122'),(4283,473,'肥西县','340123'),(4284,473,'庐江县','340124'),(4285,473,'巢湖市','340181'),(4286,474,'镜湖区','340202'),(4287,474,'弋江区','340203'),(4288,474,'鸠江区','340207'),(4289,474,'三山区','340208'),(4290,474,'芜湖县','340221'),(4291,474,'繁昌县','340222'),(4292,474,'南陵县','340223'),(4293,474,'无为县','340225'),(4294,475,'龙子湖区','340302'),(4295,475,'蚌山区','340303'),(4296,475,'禹会区','340304'),(4297,475,'淮上区','340311'),(4298,475,'怀远县','340321'),(4299,475,'五河县','340322'),(4300,475,'固镇县','340323'),(4301,476,'大通区','340402'),(4302,476,'田家庵区','340403'),(4303,476,'谢家集区','340404'),(4304,476,'八公山区','340405'),(4305,476,'潘集区','340406'),(4306,476,'凤台县','340421'),(4307,477,'花山区','340503'),(4308,477,'雨山区','340504'),(4309,477,'博望区','340506'),(4310,477,'当涂县','340521'),(4311,477,'含山县','340522'),(4312,477,'和县','340523'),(4313,478,'杜集区','340602'),(4314,478,'相山区','340603'),(4315,478,'烈山区','340604'),(4316,478,'濉溪县','340621'),(4317,479,'铜官山区','340702'),(4318,479,'狮子山区','340703'),(4319,479,'郊区','340711'),(4320,479,'铜陵县','340721'),(4321,480,'迎江区','340802'),(4322,480,'大观区','340803'),(4323,480,'宜秀区','340811'),(4324,480,'怀宁县','340822'),(4325,480,'枞阳县','340823'),(4326,480,'潜山县','340824'),(4327,480,'太湖县','340825'),(4328,480,'宿松县','340826'),(4329,480,'望江县','340827'),(4330,480,'岳西县','340828'),(4331,480,'桐城市','340881'),(4332,481,'屯溪区','341002'),(4333,481,'黄山区','341003'),(4334,481,'徽州区','341004'),(4335,481,'歙县','341021'),(4336,481,'休宁县','341022'),(4337,481,'黟县','341023'),(4338,481,'祁门县','341024'),(4339,482,'琅琊区','341102'),(4340,482,'南谯区','341103'),(4341,482,'来安县','341122'),(4342,482,'全椒县','341124'),(4343,482,'定远县','341125'),(4344,482,'凤阳县','341126'),(4345,482,'天长市','341181'),(4346,482,'明光市','341182'),(4347,483,'颍州区','341202'),(4348,483,'颍东区','341203'),(4349,483,'颍泉区','341204'),(4350,483,'临泉县','341221'),(4351,483,'太和县','341222'),(4352,483,'阜南县','341225'),(4353,483,'颍上县','341226'),(4354,483,'界首市','341282'),(4355,484,'埇桥区','341302'),(4356,484,'砀山县','341321'),(4357,484,'萧县','341322'),(4358,484,'灵璧县','341323'),(4359,484,'泗县','341324'),(4360,485,'金安区','341502'),(4361,485,'裕安区','341503'),(4362,485,'寿县','341521'),(4363,485,'霍邱县','341522'),(4364,485,'舒城县','341523'),(4365,485,'金寨县','341524'),(4366,485,'霍山县','341525'),(4367,486,'谯城区','341602'),(4368,486,'涡阳县','341621'),(4369,486,'蒙城县','341622'),(4370,486,'利辛县','341623'),(4371,487,'贵池区','341702'),(4372,487,'东至县','341721'),(4373,487,'石台县','341722'),(4374,487,'青阳县','341723'),(4375,488,'宣州区','341802'),(4376,488,'郎溪县','341821'),(4377,488,'广德县','341822'),(4378,488,'泾县','341823'),(4379,488,'绩溪县','341824'),(4380,488,'旌德县','341825'),(4381,488,'宁国市','341881'),(4382,489,'鼓楼区','350102'),(4383,489,'台江区','350103'),(4384,489,'仓山区','350104'),(4385,489,'马尾区','350105'),(4386,489,'晋安区','350111'),(4387,489,'闽侯县','350121'),(4388,489,'连江县','350122'),(4389,489,'罗源县','350123'),(4390,489,'闽清县','350124'),(4391,489,'永泰县','350125'),(4392,489,'平潭县','350128'),(4393,489,'福清市','350181'),(4394,489,'长乐市','350182'),(4395,490,'思明区','350203'),(4396,490,'海沧区','350205'),(4397,490,'湖里区','350206'),(4398,490,'集美区','350211'),(4399,490,'同安区','350212'),(4400,490,'翔安区','350213'),(4401,491,'城厢区','350302'),(4402,491,'涵江区','350303'),(4403,491,'荔城区','350304'),(4404,491,'秀屿区','350305'),(4405,491,'仙游县','350322'),(4406,492,'梅列区','350402'),(4407,492,'三元区','350403'),(4408,492,'明溪县','350421'),(4409,492,'清流县','350423'),(4410,492,'宁化县','350424'),(4411,492,'大田县','350425'),(4412,492,'尤溪县','350426'),(4413,492,'沙县','350427'),(4414,492,'将乐县','350428'),(4415,492,'泰宁县','350429'),(4416,492,'建宁县','350430'),(4417,492,'永安市','350481'),(4418,493,'鲤城区','350502'),(4419,493,'丰泽区','350503'),(4420,493,'洛江区','350504'),(4421,493,'泉港区','350505'),(4422,493,'惠安县','350521'),(4423,493,'安溪县','350524'),(4424,493,'永春县','350525'),(4425,493,'德化县','350526'),(4426,493,'金门县','350527'),(4427,493,'石狮市','350581'),(4428,493,'晋江市','350582'),(4429,493,'南安市','350583'),(4430,494,'芗城区','350602'),(4431,494,'龙文区','350603'),(4432,494,'云霄县','350622'),(4433,494,'漳浦县','350623'),(4434,494,'诏安县','350624'),(4435,494,'长泰县','350625'),(4436,494,'东山县','350626'),(4437,494,'南靖县','350627'),(4438,494,'平和县','350628'),(4439,494,'华安县','350629'),(4440,494,'龙海市','350681'),(4441,495,'延平区','350702'),(4442,495,'建阳区','350703'),(4443,495,'顺昌县','350721'),(4444,495,'浦城县','350722'),(4445,495,'光泽县','350723'),(4446,495,'松溪县','350724'),(4447,495,'政和县','350725'),(4448,495,'邵武市','350781'),(4449,495,'武夷山市','350782'),(4450,495,'建瓯市','350783'),(4451,496,'新罗区','350802'),(4452,496,'长汀县','350821'),(4453,496,'永定区','350822'),(4454,496,'上杭县','350823'),(4455,496,'武平县','350824'),(4456,496,'连城县','350825'),(4457,496,'漳平市','350881'),(4458,497,'蕉城区','350902'),(4459,497,'霞浦县','350921'),(4460,497,'古田县','350922'),(4461,497,'屏南县','350923'),(4462,497,'寿宁县','350924'),(4463,497,'周宁县','350925'),(4464,497,'柘荣县','350926'),(4465,497,'福安市','350981'),(4466,497,'福鼎市','350982'),(4467,498,'东湖区','360102'),(4468,498,'西湖区','360103'),(4469,498,'青云谱区','360104'),(4470,498,'湾里区','360105'),(4471,498,'青山湖区','360111'),(4472,498,'南昌县','360121'),(4473,498,'新建县','360122'),(4474,498,'安义县','360123'),(4475,498,'进贤县','360124'),(4476,499,'昌江区','360202'),(4477,499,'珠山区','360203'),(4478,499,'浮梁县','360222'),(4479,499,'乐平市','360281'),(4480,500,'安源区','360302'),(4481,500,'湘东区','360313'),(4482,500,'莲花县','360321'),(4483,500,'上栗县','360322'),(4484,500,'芦溪县','360323'),(4485,501,'庐山区','360402'),(4486,501,'浔阳区','360403'),(4487,501,'九江县','360421'),(4488,501,'武宁县','360423'),(4489,501,'修水县','360424'),(4490,501,'永修县','360425'),(4491,501,'德安县','360426'),(4492,501,'星子县','360427'),(4493,501,'都昌县','360428'),(4494,501,'湖口县','360429'),(4495,501,'彭泽县','360430'),(4496,501,'瑞昌市','360481'),(4497,501,'共青城市','360482'),(4498,502,'渝水区','360502'),(4499,502,'分宜县','360521'),(4500,503,'月湖区','360602'),(4501,503,'余江县','360622'),(4502,503,'贵溪市','360681'),(4503,504,'章贡区','360702'),(4504,504,'南康区','360703'),(4505,504,'赣县','360721'),(4506,504,'信丰县','360722'),(4507,504,'大余县','360723'),(4508,504,'上犹县','360724'),(4509,504,'崇义县','360725'),(4510,504,'安远县','360726'),(4511,504,'龙南县','360727'),(4512,504,'定南县','360728'),(4513,504,'全南县','360729'),(4514,504,'宁都县','360730'),(4515,504,'于都县','360731'),(4516,504,'兴国县','360732'),(4517,504,'会昌县','360733'),(4518,504,'寻乌县','360734'),(4519,504,'石城县','360735'),(4520,504,'瑞金市','360781'),(4521,505,'吉州区','360802'),(4522,505,'青原区','360803'),(4523,505,'吉安县','360821'),(4524,505,'吉水县','360822'),(4525,505,'峡江县','360823'),(4526,505,'新干县','360824'),(4527,505,'永丰县','360825'),(4528,505,'泰和县','360826'),(4529,505,'遂川县','360827'),(4530,505,'万安县','360828'),(4531,505,'安福县','360829'),(4532,505,'永新县','360830'),(4533,505,'井冈山市','360881'),(4534,506,'袁州区','360902'),(4535,506,'奉新县','360921'),(4536,506,'万载县','360922'),(4537,506,'上高县','360923'),(4538,506,'宜丰县','360924'),(4539,506,'靖安县','360925'),(4540,506,'铜鼓县','360926'),(4541,506,'丰城市','360981'),(4542,506,'樟树市','360982'),(4543,506,'高安市','360983'),(4544,507,'临川区','361002'),(4545,507,'南城县','361021'),(4546,507,'黎川县','361022'),(4547,507,'南丰县','361023'),(4548,507,'崇仁县','361024'),(4549,507,'乐安县','361025'),(4550,507,'宜黄县','361026'),(4551,507,'金溪县','361027'),(4552,507,'资溪县','361028'),(4553,507,'东乡县','361029'),(4554,507,'广昌县','361030'),(4555,508,'信州区','361102'),(4556,508,'上饶县','361121'),(4557,508,'广丰县','361122'),(4558,508,'玉山县','361123'),(4559,508,'铅山县','361124'),(4560,508,'横峰县','361125'),(4561,508,'弋阳县','361126'),(4562,508,'余干县','361127'),(4563,508,'鄱阳县','361128'),(4564,508,'万年县','361129'),(4565,508,'婺源县','361130'),(4566,508,'德兴市','361181'),(4567,509,'历下区','370102'),(4568,509,'市中区','370103'),(4569,509,'槐荫区','370104'),(4570,509,'天桥区','370105'),(4571,509,'历城区','370112'),(4572,509,'长清区','370113'),(4573,509,'平阴县','370124'),(4574,509,'济阳县','370125'),(4575,509,'商河县','370126'),(4576,509,'章丘市','370181'),(4577,510,'市南区','370202'),(4578,510,'市北区','370203'),(4579,510,'黄岛区','370211'),(4580,510,'崂山区','370212'),(4581,510,'李沧区','370213'),(4582,510,'城阳区','370214'),(4583,510,'胶州市','370281'),(4584,510,'即墨市','370282'),(4585,510,'平度市','370283'),(4586,510,'莱西市','370285'),(4587,510,'西海岸新区','370286'),(4588,511,'淄川区','370302'),(4589,511,'张店区','370303'),(4590,511,'博山区','370304'),(4591,511,'临淄区','370305'),(4592,511,'周村区','370306'),(4593,511,'桓台县','370321'),(4594,511,'高青县','370322'),(4595,511,'沂源县','370323'),(4596,512,'市中区','370402'),(4597,512,'薛城区','370403'),(4598,512,'峄城区','370404'),(4599,512,'台儿庄区','370405'),(4600,512,'山亭区','370406'),(4601,512,'滕州市','370481'),(4602,513,'东营区','370502'),(4603,513,'河口区','370503'),(4604,513,'垦利县','370521'),(4605,513,'利津县','370522'),(4606,513,'广饶县','370523'),(4607,514,'芝罘区','370602'),(4608,514,'福山区','370611'),(4609,514,'牟平区','370612'),(4610,514,'莱山区','370613'),(4611,514,'长岛县','370634'),(4612,514,'龙口市','370681'),(4613,514,'莱阳市','370682'),(4614,514,'莱州市','370683'),(4615,514,'蓬莱市','370684'),(4616,514,'招远市','370685'),(4617,514,'栖霞市','370686'),(4618,514,'海阳市','370687'),(4619,515,'潍城区','370702'),(4620,515,'寒亭区','370703'),(4621,515,'坊子区','370704'),(4622,515,'奎文区','370705'),(4623,515,'临朐县','370724'),(4624,515,'昌乐县','370725'),(4625,515,'青州市','370781'),(4626,515,'诸城市','370782'),(4627,515,'寿光市','370783'),(4628,515,'安丘市','370784'),(4629,515,'高密市','370785'),(4630,515,'昌邑市','370786'),(4631,516,'任城区','370811'),(4632,516,'兖州区','370812'),(4633,516,'微山县','370826'),(4634,516,'鱼台县','370827'),(4635,516,'金乡县','370828'),(4636,516,'嘉祥县','370829'),(4637,516,'汶上县','370830'),(4638,516,'泗水县','370831'),(4639,516,'梁山县','370832'),(4640,516,'曲阜市','370881'),(4641,516,'邹城市','370883'),(4642,517,'泰山区','370902'),(4643,517,'岱岳区','370911'),(4644,517,'宁阳县','370921'),(4645,517,'东平县','370923'),(4646,517,'新泰市','370982'),(4647,517,'肥城市','370983'),(4648,518,'环翠区','371002'),(4649,518,'文登区','371003'),(4650,518,'荣成市','371082'),(4651,518,'乳山市','371083'),(4652,519,'东港区','371102'),(4653,519,'岚山区','371103'),(4654,519,'五莲县','371121'),(4655,519,'莒县','371122'),(4656,520,'莱城区','371202'),(4657,520,'钢城区','371203'),(4658,521,'兰山区','371302'),(4659,521,'罗庄区','371311'),(4660,521,'河东区','371312'),(4661,521,'沂南县','371321'),(4662,521,'郯城县','371322'),(4663,521,'沂水县','371323'),(4664,521,'兰陵县','371324'),(4665,521,'费县','371325'),(4666,521,'平邑县','371326'),(4667,521,'莒南县','371327'),(4668,521,'蒙阴县','371328'),(4669,521,'临沭县','371329'),(4670,522,'德城区','371402'),(4671,522,'陵城区','371403'),(4672,522,'宁津县','371422'),(4673,522,'庆云县','371423'),(4674,522,'临邑县','371424'),(4675,522,'齐河县','371425'),(4676,522,'平原县','371426'),(4677,522,'夏津县','371427'),(4678,522,'武城县','371428'),(4679,522,'乐陵市','371481'),(4680,522,'禹城市','371482'),(4681,523,'东昌府区','371502'),(4682,523,'阳谷县','371521'),(4683,523,'莘县','371522'),(4684,523,'茌平县','371523'),(4685,523,'东阿县','371524'),(4686,523,'冠县','371525'),(4687,523,'高唐县','371526'),(4688,523,'临清市','371581'),(4689,524,'滨城区','371602'),(4690,524,'沾化区','371603'),(4691,524,'惠民县','371621'),(4692,524,'阳信县','371622'),(4693,524,'无棣县','371623'),(4694,524,'博兴县','371625'),(4695,524,'邹平县','371626'),(4696,524,'北海新区','371627'),(4697,525,'牡丹区','371702'),(4698,525,'曹县','371721'),(4699,525,'单县','371722'),(4700,525,'成武县','371723'),(4701,525,'巨野县','371724'),(4702,525,'郓城县','371725'),(4703,525,'鄄城县','371726'),(4704,525,'定陶县','371727'),(4705,525,'东明县','371728'),(4706,526,'中原区','410102'),(4707,526,'二七区','410103'),(4708,526,'管城回族区','410104'),(4709,526,'金水区','410105'),(4710,526,'上街区','410106'),(4711,526,'惠济区','410108'),(4712,526,'中牟县','410122'),(4713,526,'巩义市','410181'),(4714,526,'荥阳市','410182'),(4715,526,'新密市','410183'),(4716,526,'新郑市','410184'),(4717,526,'登封市','410185'),(4718,527,'龙亭区','410202'),(4719,527,'顺河回族区','410203'),(4720,527,'鼓楼区','410204'),(4721,527,'禹王台区','410205'),(4722,527,'祥符区','410212'),(4723,527,'杞县','410221'),(4724,527,'通许县','410222'),(4725,527,'尉氏县','410223'),(4726,527,'兰考县','410225'),(4727,528,'老城区','410302'),(4728,528,'西工区','410303'),(4729,528,'瀍河回族区','410304'),(4730,528,'涧西区','410305'),(4731,528,'吉利区','410306'),(4732,528,'洛龙区','410311'),(4733,528,'孟津县','410322'),(4734,528,'新安县','410323'),(4735,528,'栾川县','410324'),(4736,528,'嵩县','410325'),(4737,528,'汝阳县','410326'),(4738,528,'宜阳县','410327'),(4739,528,'洛宁县','410328'),(4740,528,'伊川县','410329'),(4741,528,'偃师市','410381'),(4742,529,'新华区','410402'),(4743,529,'卫东区','410403'),(4744,529,'石龙区','410404'),(4745,529,'湛河区','410411'),(4746,529,'宝丰县','410421'),(4747,529,'叶县','410422'),(4748,529,'鲁山县','410423'),(4749,529,'郏县','410425'),(4750,529,'舞钢市','410481'),(4751,529,'汝州市','410482'),(4752,530,'文峰区','410502'),(4753,530,'北关区','410503'),(4754,530,'殷都区','410505'),(4755,530,'龙安区','410506'),(4756,530,'安阳县','410522'),(4757,530,'汤阴县','410523'),(4758,530,'滑县','410526'),(4759,530,'内黄县','410527'),(4760,530,'林州市','410581'),(4761,531,'鹤山区','410602'),(4762,531,'山城区','410603'),(4763,531,'淇滨区','410611'),(4764,531,'浚县','410621'),(4765,531,'淇县','410622'),(4766,532,'红旗区','410702'),(4767,532,'卫滨区','410703'),(4768,532,'凤泉区','410704'),(4769,532,'牧野区','410711'),(4770,532,'新乡县','410721'),(4771,532,'获嘉县','410724'),(4772,532,'原阳县','410725'),(4773,532,'延津县','410726'),(4774,532,'封丘县','410727'),(4775,532,'长垣县','410728'),(4776,532,'卫辉市','410781'),(4777,532,'辉县市','410782'),(4778,533,'解放区','410802'),(4779,533,'中站区','410803'),(4780,533,'马村区','410804'),(4781,533,'山阳区','410811'),(4782,533,'修武县','410821'),(4783,533,'博爱县','410822'),(4784,533,'武陟县','410823'),(4785,533,'温县','410825'),(4786,533,'沁阳市','410882'),(4787,533,'孟州市','410883'),(4788,534,'华龙区','410902'),(4789,534,'清丰县','410922'),(4790,534,'南乐县','410923'),(4791,534,'范县','410926'),(4792,534,'台前县','410927'),(4793,534,'濮阳县','410928'),(4794,535,'魏都区','411002'),(4795,535,'许昌县','411023'),(4796,535,'鄢陵县','411024'),(4797,535,'襄城县','411025'),(4798,535,'禹州市','411081'),(4799,535,'长葛市','411082'),(4800,536,'源汇区','411102'),(4801,536,'郾城区','411103'),(4802,536,'召陵区','411104'),(4803,536,'舞阳县','411121'),(4804,536,'临颍县','411122'),(4805,537,'湖滨区','411202'),(4806,537,'渑池县','411221'),(4807,537,'陕县','411222'),(4808,537,'卢氏县','411224'),(4809,537,'义马市','411281'),(4810,537,'灵宝市','411282'),(4811,538,'宛城区','411302'),(4812,538,'卧龙区','411303'),(4813,538,'南召县','411321'),(4814,538,'方城县','411322'),(4815,538,'西峡县','411323'),(4816,538,'镇平县','411324'),(4817,538,'内乡县','411325'),(4818,538,'淅川县','411326'),(4819,538,'社旗县','411327'),(4820,538,'唐河县','411328'),(4821,538,'新野县','411329'),(4822,538,'桐柏县','411330'),(4823,538,'邓州市','411381'),(4824,539,'梁园区','411402'),(4825,539,'睢阳区','411403'),(4826,539,'民权县','411421'),(4827,539,'睢县','411422'),(4828,539,'宁陵县','411423'),(4829,539,'柘城县','411424'),(4830,539,'虞城县','411425'),(4831,539,'夏邑县','411426'),(4832,539,'永城市','411481'),(4833,540,'浉河区','411502'),(4834,540,'平桥区','411503'),(4835,540,'罗山县','411521'),(4836,540,'光山县','411522'),(4837,540,'新县','411523'),(4838,540,'商城县','411524'),(4839,540,'固始县','411525'),(4840,540,'潢川县','411526'),(4841,540,'淮滨县','411527'),(4842,540,'息县','411528'),(4843,541,'川汇区','411602'),(4844,541,'扶沟县','411621'),(4845,541,'西华县','411622'),(4846,541,'商水县','411623'),(4847,541,'沈丘县','411624'),(4848,541,'郸城县','411625'),(4849,541,'淮阳县','411626'),(4850,541,'太康县','411627'),(4851,541,'鹿邑县','411628'),(4852,541,'项城市','411681'),(4853,542,'驿城区','411702'),(4854,542,'西平县','411721'),(4855,542,'上蔡县','411722'),(4856,542,'平舆县','411723'),(4857,542,'正阳县','411724'),(4858,542,'确山县','411725'),(4859,542,'泌阳县','411726'),(4860,542,'汝南县','411727'),(4861,542,'遂平县','411728'),(4862,542,'新蔡县','411729'),(4863,543,'济源市','419001'),(4864,544,'江岸区','420102'),(4865,544,'江汉区','420103'),(4866,544,'硚口区','420104'),(4867,544,'汉阳区','420105'),(4868,544,'武昌区','420106'),(4869,544,'青山区','420107'),(4870,544,'洪山区','420111'),(4871,544,'东西湖区','420112'),(4872,544,'汉南区','420113'),(4873,544,'蔡甸区','420114'),(4874,544,'江夏区','420115'),(4875,544,'黄陂区','420116'),(4876,544,'新洲区','420117'),(4877,545,'黄石港区','420202'),(4878,545,'西塞山区','420203'),(4879,545,'下陆区','420204'),(4880,545,'铁山区','420205'),(4881,545,'阳新县','420222'),(4882,545,'大冶市','420281'),(4883,546,'茅箭区','420302'),(4884,546,'张湾区','420303'),(4885,546,'郧阳区','420304'),(4886,546,'郧西县','420322'),(4887,546,'竹山县','420323'),(4888,546,'竹溪县','420324'),(4889,546,'房县','420325'),(4890,546,'丹江口市','420381'),(4891,547,'西陵区','420502'),(4892,547,'伍家岗区','420503'),(4893,547,'点军区','420504'),(4894,547,'猇亭区','420505'),(4895,547,'夷陵区','420506'),(4896,547,'远安县','420525'),(4897,547,'兴山县','420526'),(4898,547,'秭归县','420527'),(4899,547,'长阳土家族自治县','420528'),(4900,547,'五峰土家族自治县','420529'),(4901,547,'宜都市','420581'),(4902,547,'当阳市','420582'),(4903,547,'枝江市','420583'),(4904,548,'襄城区','420602'),(4905,548,'樊城区','420606'),(4906,548,'襄州区','420607'),(4907,548,'南漳县','420624'),(4908,548,'谷城县','420625'),(4909,548,'保康县','420626'),(4910,548,'老河口市','420682'),(4911,548,'枣阳市','420683'),(4912,548,'宜城市','420684'),(4913,549,'梁子湖区','420702'),(4914,549,'华容区','420703'),(4915,549,'鄂城区','420704'),(4916,550,'东宝区','420802'),(4917,550,'掇刀区','420804'),(4918,550,'京山县','420821'),(4919,550,'沙洋县','420822'),(4920,550,'钟祥市','420881'),(4921,551,'孝南区','420902'),(4922,551,'孝昌县','420921'),(4923,551,'大悟县','420922'),(4924,551,'云梦县','420923'),(4925,551,'应城市','420981'),(4926,551,'安陆市','420982'),(4927,551,'汉川市','420984'),(4928,552,'沙市区','421002'),(4929,552,'荆州区','421003'),(4930,552,'公安县','421022'),(4931,552,'监利县','421023'),(4932,552,'江陵县','421024'),(4933,552,'石首市','421081'),(4934,552,'洪湖市','421083'),(4935,552,'松滋市','421087'),(4936,553,'黄州区','421102'),(4937,553,'团风县','421121'),(4938,553,'红安县','421122'),(4939,553,'罗田县','421123'),(4940,553,'英山县','421124'),(4941,553,'浠水县','421125'),(4942,553,'蕲春县','421126'),(4943,553,'黄梅县','421127'),(4944,553,'麻城市','421181'),(4945,553,'武穴市','421182'),(4946,554,'咸安区','421202'),(4947,554,'嘉鱼县','421221'),(4948,554,'通城县','421222'),(4949,554,'崇阳县','421223'),(4950,554,'通山县','421224'),(4951,554,'赤壁市','421281'),(4952,555,'曾都区','421303'),(4953,555,'随县','421321'),(4954,555,'广水市','421381'),(4955,556,'恩施市','422801'),(4956,556,'利川市','422802'),(4957,556,'建始县','422822'),(4958,556,'巴东县','422823'),(4959,556,'宣恩县','422825'),(4960,556,'咸丰县','422826'),(4961,556,'来凤县','422827'),(4962,556,'鹤峰县','422828'),(4963,557,'仙桃市','429004'),(4964,557,'潜江市','429005'),(4965,557,'天门市','429006'),(4966,557,'神农架林区','429021'),(4967,558,'芙蓉区','430102'),(4968,558,'天心区','430103'),(4969,558,'岳麓区','430104'),(4970,558,'开福区','430105'),(4971,558,'雨花区','430111'),(4972,558,'望城区','430112'),(4973,558,'长沙县','430121'),(4974,558,'宁乡县','430124'),(4975,558,'浏阳市','430181'),(4976,559,'荷塘区','430202'),(4977,559,'芦淞区','430203'),(4978,559,'石峰区','430204'),(4979,559,'天元区','430211'),(4980,559,'株洲县','430221'),(4981,559,'攸县','430223'),(4982,559,'茶陵县','430224'),(4983,559,'炎陵县','430225'),(4984,559,'醴陵市','430281'),(4985,560,'雨湖区','430302'),(4986,560,'岳塘区','430304'),(4987,560,'湘潭县','430321'),(4988,560,'湘乡市','430381'),(4989,560,'韶山市','430382'),(4990,561,'珠晖区','430405'),(4991,561,'雁峰区','430406'),(4992,561,'石鼓区','430407'),(4993,561,'蒸湘区','430408'),(4994,561,'南岳区','430412'),(4995,561,'衡阳县','430421'),(4996,561,'衡南县','430422'),(4997,561,'衡山县','430423'),(4998,561,'衡东县','430424'),(4999,561,'祁东县','430426'),(5000,561,'耒阳市','430481'),(5001,561,'常宁市','430482'),(5002,562,'双清区','430502'),(5003,562,'大祥区','430503'),(5004,562,'北塔区','430511'),(5005,562,'邵东县','430521'),(5006,562,'新邵县','430522'),(5007,562,'邵阳县','430523'),(5008,562,'隆回县','430524'),(5009,562,'洞口县','430525'),(5010,562,'绥宁县','430527'),(5011,562,'新宁县','430528'),(5012,562,'城步苗族自治县','430529'),(5013,562,'武冈市','430581'),(5014,563,'岳阳楼区','430602'),(5015,563,'云溪区','430603'),(5016,563,'君山区','430611'),(5017,563,'岳阳县','430621'),(5018,563,'华容县','430623'),(5019,563,'湘阴县','430624'),(5020,563,'平江县','430626'),(5021,563,'汨罗市','430681'),(5022,563,'临湘市','430682'),(5023,564,'武陵区','430702'),(5024,564,'鼎城区','430703'),(5025,564,'安乡县','430721'),(5026,564,'汉寿县','430722'),(5027,564,'澧县','430723'),(5028,564,'临澧县','430724'),(5029,564,'桃源县','430725'),(5030,564,'石门县','430726'),(5031,564,'津市市','430781'),(5032,565,'永定区','430802'),(5033,565,'武陵源区','430811'),(5034,565,'慈利县','430821'),(5035,565,'桑植县','430822'),(5036,566,'资阳区','430902'),(5037,566,'赫山区','430903'),(5038,566,'南县','430921'),(5039,566,'桃江县','430922'),(5040,566,'安化县','430923'),(5041,566,'沅江市','430981'),(5042,567,'北湖区','431002'),(5043,567,'苏仙区','431003'),(5044,567,'桂阳县','431021'),(5045,567,'宜章县','431022'),(5046,567,'永兴县','431023'),(5047,567,'嘉禾县','431024'),(5048,567,'临武县','431025'),(5049,567,'汝城县','431026'),(5050,567,'桂东县','431027'),(5051,567,'安仁县','431028'),(5052,567,'资兴市','431081'),(5053,568,'零陵区','431102'),(5054,568,'冷水滩区','431103'),(5055,568,'祁阳县','431121'),(5056,568,'东安县','431122'),(5057,568,'双牌县','431123'),(5058,568,'道县','431124'),(5059,568,'江永县','431125'),(5060,568,'宁远县','431126'),(5061,568,'蓝山县','431127'),(5062,568,'新田县','431128'),(5063,568,'江华瑶族自治县','431129'),(5064,569,'鹤城区','431202'),(5065,569,'中方县','431221'),(5066,569,'沅陵县','431222'),(5067,569,'辰溪县','431223'),(5068,569,'溆浦县','431224'),(5069,569,'会同县','431225'),(5070,569,'麻阳苗族自治县','431226'),(5071,569,'新晃侗族自治县','431227'),(5072,569,'芷江侗族自治县','431228'),(5073,569,'靖州苗族侗族自治县','431229'),(5074,569,'通道侗族自治县','431230'),(5075,569,'洪江市','431281'),(5076,570,'娄星区','431302'),(5077,570,'双峰县','431321'),(5078,570,'新化县','431322'),(5079,570,'冷水江市','431381'),(5080,570,'涟源市','431382'),(5081,571,'吉首市','433101'),(5082,571,'泸溪县','433122'),(5083,571,'凤凰县','433123'),(5084,571,'花垣县','433124'),(5085,571,'保靖县','433125'),(5086,571,'古丈县','433126'),(5087,571,'永顺县','433127'),(5088,571,'龙山县','433130'),(5089,572,'荔湾区','440103'),(5090,572,'越秀区','440104'),(5091,572,'海珠区','440105'),(5092,572,'天河区','440106'),(5093,572,'白云区','440111'),(5094,572,'黄埔区','440112'),(5095,572,'番禺区','440113'),(5096,572,'花都区','440114'),(5097,572,'南沙区','440115'),(5098,572,'从化区','440117'),(5099,572,'增城区','440118'),(5100,573,'武江区','440203'),(5101,573,'浈江区','440204'),(5102,573,'曲江区','440205'),(5103,573,'始兴县','440222'),(5104,573,'仁化县','440224'),(5105,573,'翁源县','440229'),(5106,573,'乳源瑶族自治县','440232'),(5107,573,'新丰县','440233'),(5108,573,'乐昌市','440281'),(5109,573,'南雄市','440282'),(5110,574,'罗湖区','440303'),(5111,574,'福田区','440304'),(5112,574,'南山区','440305'),(5113,574,'宝安区','440306'),(5114,574,'龙岗区','440307'),(5115,574,'盐田区','440308'),(5116,574,'光明新区','440309'),(5117,574,'坪山新区','440310'),(5118,574,'大鹏新区','440311'),(5119,574,'龙华新区','440312'),(5120,575,'香洲区','440402'),(5121,575,'斗门区','440403'),(5122,575,'金湾区','440404'),(5123,576,'龙湖区','440507'),(5124,576,'金平区','440511'),(5125,576,'濠江区','440512'),(5126,576,'潮阳区','440513'),(5127,576,'潮南区','440514'),(5128,576,'澄海区','440515'),(5129,576,'南澳县','440523'),(5130,577,'禅城区','440604'),(5131,577,'南海区','440605'),(5132,577,'顺德区','440606'),(5133,577,'三水区','440607'),(5134,577,'高明区','440608'),(5135,578,'蓬江区','440703'),(5136,578,'江海区','440704'),(5137,578,'新会区','440705'),(5138,578,'台山市','440781'),(5139,578,'开平市','440783'),(5140,578,'鹤山市','440784'),(5141,578,'恩平市','440785'),(5142,579,'赤坎区','440802'),(5143,579,'霞山区','440803'),(5144,579,'坡头区','440804'),(5145,579,'麻章区','440811'),(5146,579,'遂溪县','440823'),(5147,579,'徐闻县','440825'),(5148,579,'廉江市','440881'),(5149,579,'雷州市','440882'),(5150,579,'吴川市','440883'),(5151,580,'茂南区','440902'),(5152,580,'电白区','440904'),(5153,580,'高州市','440981'),(5154,580,'化州市','440982'),(5155,580,'信宜市','440983'),(5156,581,'端州区','441202'),(5157,581,'鼎湖区','441203'),(5158,581,'广宁县','441223'),(5159,581,'怀集县','441224'),(5160,581,'封开县','441225'),(5161,581,'德庆县','441226'),(5162,581,'高要市','441283'),(5163,581,'四会市','441284'),(5164,582,'惠城区','441302'),(5165,582,'惠阳区','441303'),(5166,582,'博罗县','441322'),(5167,582,'惠东县','441323'),(5168,582,'龙门县','441324'),(5169,583,'梅江区','441402'),(5170,583,'梅县区','441403'),(5171,583,'大埔县','441422'),(5172,583,'丰顺县','441423'),(5173,583,'五华县','441424'),(5174,583,'平远县','441426'),(5175,583,'蕉岭县','441427'),(5176,583,'兴宁市','441481'),(5177,584,'城区','441502'),(5178,584,'海丰县','441521'),(5179,584,'陆河县','441523'),(5180,584,'陆丰市','441581'),(5181,585,'源城区','441602'),(5182,585,'紫金县','441621'),(5183,585,'龙川县','441622'),(5184,585,'连平县','441623'),(5185,585,'和平县','441624'),(5186,585,'东源县','441625'),(5187,586,'江城区','441702'),(5188,586,'阳东区','441704'),(5189,586,'阳西县','441721'),(5190,586,'阳春市','441781'),(5191,587,'清城区','441802'),(5192,587,'清新区','441803'),(5193,587,'佛冈县','441821'),(5194,587,'阳山县','441823'),(5195,587,'连山壮族瑶族自治县','441825'),(5196,587,'连南瑶族自治县','441826'),(5197,587,'英德市','441881'),(5198,587,'连州市','441882'),(5199,588,'莞城区','441901'),(5200,588,'南城区','441902'),(5201,588,'万江区','441904'),(5202,588,'石碣镇','441905'),(5203,588,'石龙镇','441906'),(5204,588,'茶山镇','441907'),(5205,588,'石排镇','441908'),(5206,588,'企石镇','441909'),(5207,588,'横沥镇','441910'),(5208,588,'桥头镇','441911'),(5209,588,'谢岗镇','441912'),(5210,588,'东坑镇','441913'),(5211,588,'常平镇','441914'),(5212,588,'寮步镇','441915'),(5213,588,'大朗镇','441916'),(5214,588,'麻涌镇','441917'),(5215,588,'中堂镇','441918'),(5216,588,'高埗镇','441919'),(5217,588,'樟木头镇','441920'),(5218,588,'大岭山镇','441921'),(5219,588,'望牛墩镇','441922'),(5220,588,'黄江镇','441923'),(5221,588,'洪梅镇','441924'),(5222,588,'清溪镇','441925'),(5223,588,'沙田镇','441926'),(5224,588,'道滘镇','441927'),(5225,588,'塘厦镇','441928'),(5226,588,'虎门镇','441929'),(5227,588,'厚街镇','441930'),(5228,588,'凤岗镇','441931'),(5229,588,'长安镇','441932'),(5230,589,'石岐区','442001'),(5231,589,'南区','442004'),(5232,589,'五桂山区','442005'),(5233,589,'火炬开发区','442006'),(5234,589,'黄圃镇','442007'),(5235,589,'南头镇','442008'),(5236,589,'东凤镇','442009'),(5237,589,'阜沙镇','442010'),(5238,589,'小榄镇','442011'),(5239,589,'东升镇','442012'),(5240,589,'古镇镇','442013'),(5241,589,'横栏镇','442014'),(5242,589,'三角镇','442015'),(5243,589,'民众镇','442016'),(5244,589,'南朗镇','442017'),(5245,589,'港口镇','442018'),(5246,589,'大涌镇','442019'),(5247,589,'沙溪镇','442020'),(5248,589,'三乡镇','442021'),(5249,589,'板芙镇','442022'),(5250,589,'神湾镇','442023'),(5251,589,'坦洲镇','442024'),(5252,590,'湘桥区','445102'),(5253,590,'潮安区','445103'),(5254,590,'饶平县','445122'),(5255,591,'榕城区','445202'),(5256,591,'揭东区','445203'),(5257,591,'揭西县','445222'),(5258,591,'惠来县','445224'),(5259,591,'普宁市','445281'),(5260,592,'云城区','445302'),(5261,592,'云安区','445303'),(5262,592,'新兴县','445321'),(5263,592,'郁南县','445322'),(5264,592,'罗定市','445381'),(5265,593,'兴宁区','450102'),(5266,593,'青秀区','450103'),(5267,593,'江南区','450105'),(5268,593,'西乡塘区','450107'),(5269,593,'良庆区','450108'),(5270,593,'邕宁区','450109'),(5271,593,'武鸣县','450122'),(5272,593,'隆安县','450123'),(5273,593,'马山县','450124'),(5274,593,'上林县','450125'),(5275,593,'宾阳县','450126'),(5276,593,'横县','450127'),(5277,593,'埌东新区','450128'),(5278,594,'城中区','450202'),(5279,594,'鱼峰区','450203'),(5280,594,'柳南区','450204'),(5281,594,'柳北区','450205'),(5282,594,'柳江县','450221'),(5283,594,'柳城县','450222'),(5284,594,'鹿寨县','450223'),(5285,594,'融安县','450224'),(5286,594,'融水苗族自治县','450225'),(5287,594,'三江侗族自治县','450226'),(5288,594,'柳东新区','450227'),(5289,595,'秀峰区','450302'),(5290,595,'叠彩区','450303'),(5291,595,'象山区','450304'),(5292,595,'七星区','450305'),(5293,595,'雁山区','450311'),(5294,595,'临桂区','450312'),(5295,595,'阳朔县','450321'),(5296,595,'灵川县','450323'),(5297,595,'全州县','450324'),(5298,595,'兴安县','450325'),(5299,595,'永福县','450326'),(5300,595,'灌阳县','450327'),(5301,595,'龙胜各族自治县','450328'),(5302,595,'资源县','450329'),(5303,595,'平乐县','450330'),(5304,595,'荔浦县','450331'),(5305,595,'恭城瑶族自治县','450332'),(5306,596,'万秀区','450403'),(5307,596,'长洲区','450405'),(5308,596,'龙圩区','450406'),(5309,596,'苍梧县','450421'),(5310,596,'藤县','450422'),(5311,596,'蒙山县','450423'),(5312,596,'岑溪市','450481'),(5313,597,'海城区','450502'),(5314,597,'银海区','450503'),(5315,597,'铁山港区','450512'),(5316,597,'合浦县','450521'),(5317,598,'港口区','450602'),(5318,598,'防城区','450603'),(5319,598,'上思县','450621'),(5320,598,'东兴市','450681'),(5321,599,'钦南区','450702'),(5322,599,'钦北区','450703'),(5323,599,'灵山县','450721'),(5324,599,'浦北县','450722'),(5325,600,'港北区','450802'),(5326,600,'港南区','450803'),(5327,600,'覃塘区','450804'),(5328,600,'平南县','450821'),(5329,600,'桂平市','450881'),(5330,601,'玉州区','450902'),(5331,601,'福绵区','450903'),(5332,601,'玉东新区','450904'),(5333,601,'容县','450921'),(5334,601,'陆川县','450922'),(5335,601,'博白县','450923'),(5336,601,'兴业县','450924'),(5337,601,'北流市','450981'),(5338,602,'右江区','451002'),(5339,602,'田阳县','451021'),(5340,602,'田东县','451022'),(5341,602,'平果县','451023'),(5342,602,'德保县','451024'),(5343,602,'靖西县','451025'),(5344,602,'那坡县','451026'),(5345,602,'凌云县','451027'),(5346,602,'乐业县','451028'),(5347,602,'田林县','451029'),(5348,602,'西林县','451030'),(5349,602,'隆林各族自治县','451031'),(5350,603,'八步区','451102'),(5351,603,'昭平县','451121'),(5352,603,'钟山县','451122'),(5353,603,'富川瑶族自治县','451123'),(5354,603,'平桂管理区','451124'),(5355,604,'金城江区','451202'),(5356,604,'南丹县','451221'),(5357,604,'天峨县','451222'),(5358,604,'凤山县','451223'),(5359,604,'东兰县','451224'),(5360,604,'罗城仫佬族自治县','451225'),(5361,604,'环江毛南族自治县','451226'),(5362,604,'巴马瑶族自治县','451227'),(5363,604,'都安瑶族自治县','451228'),(5364,604,'大化瑶族自治县','451229'),(5365,604,'宜州市','451281'),(5366,605,'兴宾区','451302'),(5367,605,'忻城县','451321'),(5368,605,'象州县','451322'),(5369,605,'武宣县','451323'),(5370,605,'金秀瑶族自治县','451324'),(5371,605,'合山市','451381'),(5372,606,'江州区','451402'),(5373,606,'扶绥县','451421'),(5374,606,'宁明县','451422'),(5375,606,'龙州县','451423'),(5376,606,'大新县','451424'),(5377,606,'天等县','451425'),(5378,606,'凭祥市','451481'),(5379,607,'秀英区','460105'),(5380,607,'龙华区','460106'),(5381,607,'琼山区','460107'),(5382,607,'美兰区','460108'),(5383,608,'海棠区','460202'),(5384,608,'吉阳区','460203'),(5385,608,'天涯区','460204'),(5386,608,'崖州区','460205'),(5387,609,'西沙群岛','460321'),(5388,609,'南沙群岛','460322'),(5389,609,'中沙群岛','460323'),(5390,610,'五指山市','469001'),(5391,610,'琼海市','469002'),(5392,610,'儋州市','469003'),(5393,610,'文昌市','469005'),(5394,610,'万宁市','469006'),(5395,610,'东方市','469007'),(5396,610,'定安县','469021'),(5397,610,'屯昌县','469022'),(5398,610,'澄迈县','469023'),(5399,610,'临高县','469024'),(5400,610,'白沙黎族自治县','469025'),(5401,610,'昌江黎族自治县','469026'),(5402,610,'乐东黎族自治县','469027'),(5403,610,'陵水黎族自治县','469028'),(5404,610,'保亭黎族苗族自治县','469029'),(5405,610,'琼中黎族苗族自治县','469030'),(5406,611,'万州区','500101'),(5407,611,'涪陵区','500102'),(5408,611,'渝中区','500103'),(5409,611,'大渡口区','500104'),(5410,611,'江北区','500105'),(5411,611,'沙坪坝区','500106'),(5412,611,'九龙坡区','500107'),(5413,611,'南岸区','500108'),(5414,611,'北碚区','500109'),(5415,611,'綦江区','500110'),(5416,611,'大足区','500111'),(5417,611,'渝北区','500112'),(5418,611,'巴南区','500113'),(5419,611,'黔江区','500114'),(5420,611,'长寿区','500115'),(5421,611,'江津区','500116'),(5422,611,'合川区','500117'),(5423,611,'永川区','500118'),(5424,611,'南川区','500119'),(5425,611,'璧山区','500120'),(5426,611,'铜梁区','500151'),(5427,611,'潼南县','500223'),(5428,611,'荣昌县','500226'),(5429,611,'梁平县','500228'),(5430,611,'城口县','500229'),(5431,611,'丰都县','500230'),(5432,611,'垫江县','500231'),(5433,611,'武隆县','500232'),(5434,611,'忠县','500233'),(5435,611,'开县','500234'),(5436,611,'云阳县','500235'),(5437,611,'奉节县','500236'),(5438,611,'巫山县','500237'),(5439,611,'巫溪县','500238'),(5440,611,'石柱土家族自治县','500240'),(5441,611,'秀山土家族苗族自治县','500241'),(5442,611,'酉阳土家族苗族自治县','500242'),(5443,611,'彭水苗族土家族自治县','500243'),(5444,612,'北部新区','500301'),(5445,612,'保税港区','500302'),(5446,612,'工业园区','500303'),(5447,613,'锦江区','510104'),(5448,613,'青羊区','510105'),(5449,613,'金牛区','510106'),(5450,613,'武侯区','510107'),(5451,613,'成华区','510108'),(5452,613,'龙泉驿区','510112'),(5453,613,'青白江区','510113'),(5454,613,'新都区','510114'),(5455,613,'温江区','510115'),(5456,613,'金堂县','510121'),(5457,613,'双流县','510122'),(5458,613,'郫县','510124'),(5459,613,'大邑县','510129'),(5460,613,'蒲江县','510131'),(5461,613,'新津县','510132'),(5462,613,'都江堰市','510181'),(5463,613,'彭州市','510182'),(5464,613,'邛崃市','510183'),(5465,613,'崇州市','510184'),(5466,614,'自流井区','510302'),(5467,614,'贡井区','510303'),(5468,614,'大安区','510304'),(5469,614,'沿滩区','510311'),(5470,614,'荣县','510321'),(5471,614,'富顺县','510322'),(5472,615,'东区','510402'),(5473,615,'西区','510403'),(5474,615,'仁和区','510411'),(5475,615,'米易县','510421'),(5476,615,'盐边县','510422'),(5477,616,'江阳区','510502'),(5478,616,'纳溪区','510503'),(5479,616,'龙马潭区','510504'),(5480,616,'泸县','510521'),(5481,616,'合江县','510522'),(5482,616,'叙永县','510524'),(5483,616,'古蔺县','510525'),(5484,617,'旌阳区','510603'),(5485,617,'中江县','510623'),(5486,617,'罗江县','510626'),(5487,617,'广汉市','510681'),(5488,617,'什邡市','510682'),(5489,617,'绵竹市','510683'),(5490,618,'涪城区','510703'),(5491,618,'游仙区','510704'),(5492,618,'三台县','510722'),(5493,618,'盐亭县','510723'),(5494,618,'安县','510724'),(5495,618,'梓潼县','510725'),(5496,618,'北川羌族自治县','510726'),(5497,618,'平武县','510727'),(5498,618,'江油市','510781'),(5499,619,'利州区','510802'),(5500,619,'昭化区','510811'),(5501,619,'朝天区','510812'),(5502,619,'旺苍县','510821'),(5503,619,'青川县','510822'),(5504,619,'剑阁县','510823'),(5505,619,'苍溪县','510824'),(5506,620,'船山区','510903'),(5507,620,'安居区','510904'),(5508,620,'蓬溪县','510921'),(5509,620,'射洪县','510922'),(5510,620,'大英县','510923'),(5511,621,'市中区','511002'),(5512,621,'东兴区','511011'),(5513,621,'威远县','511024'),(5514,621,'资中县','511025'),(5515,621,'隆昌县','511028'),(5516,622,'市中区','511102'),(5517,622,'沙湾区','511111'),(5518,622,'五通桥区','511112'),(5519,622,'金口河区','511113'),(5520,622,'犍为县','511123'),(5521,622,'井研县','511124'),(5522,622,'夹江县','511126'),(5523,622,'沐川县','511129'),(5524,622,'峨边彝族自治县','511132'),(5525,622,'马边彝族自治县','511133'),(5526,622,'峨眉山市','511181'),(5527,623,'顺庆区','511302'),(5528,623,'高坪区','511303'),(5529,623,'嘉陵区','511304'),(5530,623,'南部县','511321'),(5531,623,'营山县','511322'),(5532,623,'蓬安县','511323'),(5533,623,'仪陇县','511324'),(5534,623,'西充县','511325'),(5535,623,'阆中市','511381'),(5536,624,'东坡区','511402'),(5537,624,'彭山区','511403'),(5538,624,'仁寿县','511421'),(5539,624,'洪雅县','511423'),(5540,624,'丹棱县','511424'),(5541,624,'青神县','511425'),(5542,625,'翠屏区','511502'),(5543,625,'南溪区','511503'),(5544,625,'宜宾县','511521'),(5545,625,'江安县','511523'),(5546,625,'长宁县','511524'),(5547,625,'高县','511525'),(5548,625,'珙县','511526'),(5549,625,'筠连县','511527'),(5550,625,'兴文县','511528'),(5551,625,'屏山县','511529'),(5552,626,'广安区','511602'),(5553,626,'前锋区','511603'),(5554,626,'岳池县','511621'),(5555,626,'武胜县','511622'),(5556,626,'邻水县','511623'),(5557,626,'华蓥市','511681'),(5558,627,'通川区','511702'),(5559,627,'达川区','511703'),(5560,627,'宣汉县','511722'),(5561,627,'开江县','511723'),(5562,627,'大竹县','511724'),(5563,627,'渠县','511725'),(5564,627,'万源市','511781'),(5565,628,'雨城区','511802'),(5566,628,'名山区','511803'),(5567,628,'荥经县','511822'),(5568,628,'汉源县','511823'),(5569,628,'石棉县','511824'),(5570,628,'天全县','511825'),(5571,628,'芦山县','511826'),(5572,628,'宝兴县','511827'),(5573,629,'巴州区','511902'),(5574,629,'恩阳区','511903'),(5575,629,'通江县','511921'),(5576,629,'南江县','511922'),(5577,629,'平昌县','511923'),(5578,630,'雁江区','512002'),(5579,630,'安岳县','512021'),(5580,630,'乐至县','512022'),(5581,630,'简阳市','512081'),(5582,631,'汶川县','513221'),(5583,631,'理县','513222'),(5584,631,'茂县','513223'),(5585,631,'松潘县','513224'),(5586,631,'九寨沟县','513225'),(5587,631,'金川县','513226'),(5588,631,'小金县','513227'),(5589,631,'黑水县','513228'),(5590,631,'马尔康县','513229'),(5591,631,'壤塘县','513230'),(5592,631,'阿坝县','513231'),(5593,631,'若尔盖县','513232'),(5594,631,'红原县','513233'),(5595,632,'康定县','513321'),(5596,632,'泸定县','513322'),(5597,632,'丹巴县','513323'),(5598,632,'九龙县','513324'),(5599,632,'雅江县','513325'),(5600,632,'道孚县','513326'),(5601,632,'炉霍县','513327'),(5602,632,'甘孜县','513328'),(5603,632,'新龙县','513329'),(5604,632,'德格县','513330'),(5605,632,'白玉县','513331'),(5606,632,'石渠县','513332'),(5607,632,'色达县','513333'),(5608,632,'理塘县','513334'),(5609,632,'巴塘县','513335'),(5610,632,'乡城县','513336'),(5611,632,'稻城县','513337'),(5612,632,'得荣县','513338'),(5613,633,'西昌市','513401'),(5614,633,'木里藏族自治县','513422'),(5615,633,'盐源县','513423'),(5616,633,'德昌县','513424'),(5617,633,'会理县','513425'),(5618,633,'会东县','513426'),(5619,633,'宁南县','513427'),(5620,633,'普格县','513428'),(5621,633,'布拖县','513429'),(5622,633,'金阳县','513430'),(5623,633,'昭觉县','513431'),(5624,633,'喜德县','513432'),(5625,633,'冕宁县','513433'),(5626,633,'越西县','513434'),(5627,633,'甘洛县','513435'),(5628,633,'美姑县','513436'),(5629,633,'雷波县','513437'),(5630,634,'南明区','520102'),(5631,634,'云岩区','520103'),(5632,634,'花溪区','520111'),(5633,634,'乌当区','520112'),(5634,634,'白云区','520113'),(5635,634,'观山湖区','520115'),(5636,634,'开阳县','520121'),(5637,634,'息烽县','520122'),(5638,634,'修文县','520123'),(5639,634,'清镇市','520181'),(5640,635,'钟山区','520201'),(5641,635,'六枝特区','520203'),(5642,635,'水城县','520221'),(5643,635,'盘县','520222'),(5644,636,'红花岗区','520302'),(5645,636,'汇川区','520303'),(5646,636,'遵义县','520321'),(5647,636,'桐梓县','520322'),(5648,636,'绥阳县','520323'),(5649,636,'正安县','520324'),(5650,636,'道真仡佬族苗族自治县','520325'),(5651,636,'务川仡佬族苗族自治县','520326'),(5652,636,'凤冈县','520327'),(5653,636,'湄潭县','520328'),(5654,636,'余庆县','520329'),(5655,636,'习水县','520330'),(5656,636,'赤水市','520381'),(5657,636,'仁怀市','520382'),(5658,637,'西秀区','520402'),(5659,637,'平坝区','520421'),(5660,637,'普定县','520422'),(5661,637,'镇宁布依族苗族自治县','520423'),(5662,637,'关岭布依族苗族自治县','520424'),(5663,637,'紫云苗族布依族自治县','520425'),(5664,638,'七星关区','520502'),(5665,638,'大方县','520521'),(5666,638,'黔西县','520522'),(5667,638,'金沙县','520523'),(5668,638,'织金县','520524'),(5669,638,'纳雍县','520525'),(5670,638,'威宁彝族回族苗族自治县','520526'),(5671,638,'赫章县','520527'),(5672,639,'碧江区','520602'),(5673,639,'万山区','520603'),(5674,639,'江口县','520621'),(5675,639,'玉屏侗族自治县','520622'),(5676,639,'石阡县','520623'),(5677,639,'思南县','520624'),(5678,639,'印江土家族苗族自治县','520625'),(5679,639,'德江县','520626'),(5680,639,'沿河土家族自治县','520627'),(5681,639,'松桃苗族自治县','520628'),(5682,640,'兴义市 ','522301'),(5683,640,'兴仁县','522322'),(5684,640,'普安县','522323'),(5685,640,'晴隆县','522324'),(5686,640,'贞丰县','522325'),(5687,640,'望谟县','522326'),(5688,640,'册亨县','522327'),(5689,640,'安龙县','522328'),(5690,641,'凯里市','522601'),(5691,641,'黄平县','522622'),(5692,641,'施秉县','522623'),(5693,641,'三穗县','522624'),(5694,641,'镇远县','522625'),(5695,641,'岑巩县','522626'),(5696,641,'天柱县','522627'),(5697,641,'锦屏县','522628'),(5698,641,'剑河县','522629'),(5699,641,'台江县','522630'),(5700,641,'黎平县','522631'),(5701,641,'榕江县','522632'),(5702,641,'从江县','522633'),(5703,641,'雷山县','522634'),(5704,641,'麻江县','522635'),(5705,641,'丹寨县','522636'),(5706,642,'都匀市','522701'),(5707,642,'福泉市','522702'),(5708,642,'荔波县','522722'),(5709,642,'贵定县','522723'),(5710,642,'瓮安县','522725'),(5711,642,'独山县','522726'),(5712,642,'平塘县','522727'),(5713,642,'罗甸县','522728'),(5714,642,'长顺县','522729'),(5715,642,'龙里县','522730'),(5716,642,'惠水县','522731'),(5717,642,'三都水族自治县','522732'),(5718,643,'五华区','530102'),(5719,643,'盘龙区','530103'),(5720,643,'官渡区','530111'),(5721,643,'西山区','530112'),(5722,643,'东川区','530113'),(5723,643,'呈贡区','530114'),(5724,643,'晋宁县','530122'),(5725,643,'富民县','530124'),(5726,643,'宜良县','530125'),(5727,643,'石林彝族自治县','530126'),(5728,643,'嵩明县','530127'),(5729,643,'禄劝彝族苗族自治县','530128'),(5730,643,'寻甸回族彝族自治县 ','530129'),(5731,643,'安宁市','530181'),(5732,644,'麒麟区','530302'),(5733,644,'马龙县','530321'),(5734,644,'陆良县','530322'),(5735,644,'师宗县','530323'),(5736,644,'罗平县','530324'),(5737,644,'富源县','530325'),(5738,644,'会泽县','530326'),(5739,644,'沾益县','530328'),(5740,644,'宣威市','530381'),(5741,645,'红塔区','530402'),(5742,645,'江川县','530421'),(5743,645,'澄江县','530422'),(5744,645,'通海县','530423'),(5745,645,'华宁县','530424'),(5746,645,'易门县','530425'),(5747,645,'峨山彝族自治县','530426'),(5748,645,'新平彝族傣族自治县','530427'),(5749,645,'元江哈尼族彝族傣族自治县','530428'),(5750,646,'隆阳区','530502'),(5751,646,'施甸县','530521'),(5752,646,'腾冲县','530522'),(5753,646,'龙陵县','530523'),(5754,646,'昌宁县','530524'),(5755,647,'昭阳区','530602'),(5756,647,'鲁甸县','530621'),(5757,647,'巧家县','530622'),(5758,647,'盐津县','530623'),(5759,647,'大关县','530624'),(5760,647,'永善县','530625'),(5761,647,'绥江县','530626'),(5762,647,'镇雄县','530627'),(5763,647,'彝良县','530628'),(5764,647,'威信县','530629'),(5765,647,'水富县','530630'),(5766,648,'古城区','530702'),(5767,648,'玉龙纳西族自治县','530721'),(5768,648,'永胜县','530722'),(5769,648,'华坪县','530723'),(5770,648,'宁蒗彝族自治县','530724'),(5771,649,'思茅区','530802'),(5772,649,'宁洱哈尼族彝族自治县','530821'),(5773,649,'墨江哈尼族自治县','530822'),(5774,649,'景东彝族自治县','530823'),(5775,649,'景谷傣族彝族自治县','530824'),(5776,649,'镇沅彝族哈尼族拉祜族自治县','530825'),(5777,649,'江城哈尼族彝族自治县','530826'),(5778,649,'孟连傣族拉祜族佤族自治县','530827'),(5779,649,'澜沧拉祜族自治县','530828'),(5780,649,'西盟佤族自治县','530829'),(5781,650,'临翔区','530902'),(5782,650,'凤庆县','530921'),(5783,650,'云县','530922'),(5784,650,'永德县','530923'),(5785,650,'镇康县','530924'),(5786,650,'双江拉祜族佤族布朗族傣族自治县','530925'),(5787,650,'耿马傣族佤族自治县','530926'),(5788,650,'沧源佤族自治县','530927'),(5789,651,'楚雄市','532301'),(5790,651,'双柏县','532322'),(5791,651,'牟定县','532323'),(5792,651,'南华县','532324'),(5793,651,'姚安县','532325'),(5794,651,'大姚县','532326'),(5795,651,'永仁县','532327'),(5796,651,'元谋县','532328'),(5797,651,'武定县','532329'),(5798,651,'禄丰县','532331'),(5799,652,'个旧市','532501'),(5800,652,'开远市','532502'),(5801,652,'蒙自市','532503'),(5802,652,'弥勒市','532504'),(5803,652,'屏边苗族自治县','532523'),(5804,652,'建水县','532524'),(5805,652,'石屏县','532525'),(5806,652,'泸西县','532527'),(5807,652,'元阳县','532528'),(5808,652,'红河县','532529'),(5809,652,'金平苗族瑶族傣族自治县','532530'),(5810,652,'绿春县','532531'),(5811,652,'河口瑶族自治县','532532'),(5812,653,'文山市','532601'),(5813,653,'砚山县','532622'),(5814,653,'西畴县','532623'),(5815,653,'麻栗坡县','532624'),(5816,653,'马关县','532625'),(5817,653,'丘北县','532626'),(5818,653,'广南县','532627'),(5819,653,'富宁县','532628'),(5820,654,'景洪市','532801'),(5821,654,'勐海县','532822'),(5822,654,'勐腊县','532823'),(5823,655,'大理市','532901'),(5824,655,'漾濞彝族自治县','532922'),(5825,655,'祥云县','532923'),(5826,655,'宾川县','532924'),(5827,655,'弥渡县','532925'),(5828,655,'南涧彝族自治县','532926'),(5829,655,'巍山彝族回族自治县','532927'),(5830,655,'永平县','532928'),(5831,655,'云龙县','532929'),(5832,655,'洱源县','532930'),(5833,655,'剑川县','532931'),(5834,655,'鹤庆县','532932'),(5835,656,'瑞丽市','533102'),(5836,656,'芒市','533103'),(5837,656,'梁河县','533122'),(5838,656,'盈江县','533123'),(5839,656,'陇川县','533124'),(5840,657,'泸水县','533321'),(5841,657,'福贡县','533323'),(5842,657,'贡山独龙族怒族自治县','533324'),(5843,657,'兰坪白族普米族自治县','533325'),(5844,658,'香格里拉市','533421'),(5845,658,'德钦县','533422'),(5846,658,'维西傈僳族自治县','533423'),(5847,659,'城关区','540102'),(5848,659,'林周县','540121'),(5849,659,'当雄县','540122'),(5850,659,'尼木县','540123'),(5851,659,'曲水县','540124'),(5852,659,'堆龙德庆县','540125'),(5853,659,'达孜县','540126'),(5854,659,'墨竹工卡县','540127'),(5855,660,'桑珠孜区','540202'),(5856,660,'南木林县','540221'),(5857,660,'江孜县','540222'),(5858,660,'定日县','540223'),(5859,660,'萨迦县','540224'),(5860,660,'拉孜县','540225'),(5861,660,'昂仁县','540226'),(5862,660,'谢通门县','540227'),(5863,660,'白朗县','540228'),(5864,660,'仁布县','540229'),(5865,660,'康马县','540230'),(5866,660,'定结县','540231'),(5867,660,'仲巴县','540232'),(5868,660,'亚东县','540233'),(5869,660,'吉隆县','540234'),(5870,660,'聂拉木县','540235'),(5871,660,'萨嘎县','540236'),(5872,660,'岗巴县','540237'),(5873,661,'卡若区','540302'),(5874,661,'江达县','540321'),(5875,661,'贡觉县','540322'),(5876,661,'类乌齐县','540323'),(5877,661,'丁青县','540324'),(5878,661,'察雅县','540325'),(5879,661,'八宿县','540326'),(5880,661,'左贡县','540327'),(5881,661,'芒康县','540328'),(5882,661,'洛隆县','540329'),(5883,661,'边坝县','540330'),(5884,662,'乃东县','542221'),(5885,662,'扎囊县','542222'),(5886,662,'贡嘎县','542223'),(5887,662,'桑日县','542224'),(5888,662,'琼结县','542225'),(5889,662,'曲松县','542226'),(5890,662,'措美县','542227'),(5891,662,'洛扎县','542228'),(5892,662,'加查县','542229'),(5893,662,'隆子县','542231'),(5894,662,'错那县','542232'),(5895,662,'浪卡子县','542233'),(5896,663,'那曲县','542421'),(5897,663,'嘉黎县','542422'),(5898,663,'比如县','542423'),(5899,663,'聂荣县','542424'),(5900,663,'安多县','542425'),(5901,663,'申扎县','542426'),(5902,663,'索县','542427'),(5903,663,'班戈县','542428'),(5904,663,'巴青县','542429'),(5905,663,'尼玛县','542430'),(5906,663,'双湖县','542431'),(5907,664,'普兰县','542521'),(5908,664,'札达县','542522'),(5909,664,'噶尔县','542523'),(5910,664,'日土县','542524'),(5911,664,'革吉县','542525'),(5912,664,'改则县','542526'),(5913,664,'措勤县','542527'),(5914,665,'林芝县','542621'),(5915,665,'工布江达县','542622'),(5916,665,'米林县','542623'),(5917,665,'墨脱县','542624'),(5918,665,'波密县','542625'),(5919,665,'察隅县','542626'),(5920,665,'朗县','542627'),(5921,666,'新城区','610102'),(5922,666,'碑林区','610103'),(5923,666,'莲湖区','610104'),(5924,666,'灞桥区','610111'),(5925,666,'未央区','610112'),(5926,666,'雁塔区','610113'),(5927,666,'阎良区','610114'),(5928,666,'临潼区','610115'),(5929,666,'长安区','610116'),(5930,666,'蓝田县','610122'),(5931,666,'周至县','610124'),(5932,666,'户县','610125'),(5933,666,'高陵区','610126'),(5934,667,'王益区','610202'),(5935,667,'印台区','610203'),(5936,667,'耀州区','610204'),(5937,667,'宜君县','610222'),(5938,668,'渭滨区','610302'),(5939,668,'金台区','610303'),(5940,668,'陈仓区','610304'),(5941,668,'凤翔县','610322'),(5942,668,'岐山县','610323'),(5943,668,'扶风县','610324'),(5944,668,'眉县','610326'),(5945,668,'陇县','610327'),(5946,668,'千阳县','610328'),(5947,668,'麟游县','610329'),(5948,668,'凤县','610330'),(5949,668,'太白县','610331'),(5950,669,'秦都区','610402'),(5951,669,'杨陵区','610403'),(5952,669,'渭城区','610404'),(5953,669,'三原县','610422'),(5954,669,'泾阳县','610423'),(5955,669,'乾县','610424'),(5956,669,'礼泉县','610425'),(5957,669,'永寿县','610426'),(5958,669,'彬县','610427'),(5959,669,'长武县','610428'),(5960,669,'旬邑县','610429'),(5961,669,'淳化县','610430'),(5962,669,'武功县','610431'),(5963,669,'兴平市','610481'),(5964,670,'临渭区','610502'),(5965,670,'华县','610521'),(5966,670,'潼关县','610522'),(5967,670,'大荔县','610523'),(5968,670,'合阳县','610524'),(5969,670,'澄城县','610525'),(5970,670,'蒲城县','610526'),(5971,670,'白水县','610527'),(5972,670,'富平县','610528'),(5973,670,'韩城市','610581'),(5974,670,'华阴市','610582'),(5975,671,'宝塔区','610602'),(5976,671,'延长县','610621'),(5977,671,'延川县','610622'),(5978,671,'子长县','610623'),(5979,671,'安塞县','610624'),(5980,671,'志丹县','610625'),(5981,671,'吴起县','610626'),(5982,671,'甘泉县','610627'),(5983,671,'富县','610628'),(5984,671,'洛川县','610629'),(5985,671,'宜川县','610630'),(5986,671,'黄龙县','610631'),(5987,671,'黄陵县','610632'),(5988,672,'汉台区','610702'),(5989,672,'南郑县','610721'),(5990,672,'城固县','610722'),(5991,672,'洋县','610723'),(5992,672,'西乡县','610724'),(5993,672,'勉县','610725'),(5994,672,'宁强县','610726'),(5995,672,'略阳县','610727'),(5996,672,'镇巴县','610728'),(5997,672,'留坝县','610729'),(5998,672,'佛坪县','610730'),(5999,673,'榆阳区','610802'),(6000,673,'神木县','610821'),(6001,673,'府谷县','610822'),(6002,673,'横山县','610823'),(6003,673,'靖边县','610824'),(6004,673,'定边县','610825'),(6005,673,'绥德县','610826'),(6006,673,'米脂县','610827'),(6007,673,'佳县','610828'),(6008,673,'吴堡县','610829'),(6009,673,'清涧县','610830'),(6010,673,'子洲县','610831'),(6011,674,'汉滨区','610902'),(6012,674,'汉阴县','610921'),(6013,674,'石泉县','610922'),(6014,674,'宁陕县','610923'),(6015,674,'紫阳县','610924'),(6016,674,'岚皋县','610925'),(6017,674,'平利县','610926'),(6018,674,'镇坪县','610927'),(6019,674,'旬阳县','610928'),(6020,674,'白河县','610929'),(6021,675,'商州区','611002'),(6022,675,'洛南县','611021'),(6023,675,'丹凤县','611022'),(6024,675,'商南县','611023'),(6025,675,'山阳县','611024'),(6026,675,'镇安县','611025'),(6027,675,'柞水县','611026'),(6028,676,'空港新城','611101'),(6029,676,'沣东新城','611102'),(6030,676,'秦汉新城','611103'),(6031,676,'沣西新城','611104'),(6032,676,'泾河新城','611105'),(6033,677,'城关区','620102'),(6034,677,'七里河区','620103'),(6035,677,'西固区','620104'),(6036,677,'安宁区','620105'),(6037,677,'红古区','620111'),(6038,677,'永登县','620121'),(6039,677,'皋兰县','620122'),(6040,677,'榆中县','620123'),(6041,678,'雄关区','620201'),(6042,678,'长城区','620202'),(6043,678,'镜铁区','620203'),(6044,679,'金川区','620302'),(6045,679,'永昌县','620321'),(6046,680,'白银区','620402'),(6047,680,'平川区','620403'),(6048,680,'靖远县','620421'),(6049,680,'会宁县','620422'),(6050,680,'景泰县','620423'),(6051,681,'秦州区','620502'),(6052,681,'麦积区','620503'),(6053,681,'清水县','620521'),(6054,681,'秦安县','620522'),(6055,681,'甘谷县','620523'),(6056,681,'武山县','620524'),(6057,681,'张家川回族自治县','620525'),(6058,682,'凉州区','620602'),(6059,682,'民勤县','620621'),(6060,682,'古浪县','620622'),(6061,682,'天祝藏族自治县','620623'),(6062,683,'甘州区','620702'),(6063,683,'肃南裕固族自治县','620721'),(6064,683,'民乐县','620722'),(6065,683,'临泽县','620723'),(6066,683,'高台县','620724'),(6067,683,'山丹县','620725'),(6068,684,'崆峒区','620802'),(6069,684,'泾川县','620821'),(6070,684,'灵台县','620822'),(6071,684,'崇信县','620823'),(6072,684,'华亭县','620824'),(6073,684,'庄浪县','620825'),(6074,684,'静宁县','620826'),(6075,685,'肃州区','620902'),(6076,685,'金塔县','620921'),(6077,685,'瓜州县','620922'),(6078,685,'肃北蒙古族自治县','620923'),(6079,685,'阿克塞哈萨克族自治县','620924'),(6080,685,'玉门市','620981'),(6081,685,'敦煌市','620982'),(6082,686,'西峰区','621002'),(6083,686,'庆城县','621021'),(6084,686,'环县','621022'),(6085,686,'华池县','621023'),(6086,686,'合水县','621024'),(6087,686,'正宁县','621025'),(6088,686,'宁县','621026'),(6089,686,'镇原县','621027'),(6090,687,'安定区','621102'),(6091,687,'通渭县','621121'),(6092,687,'陇西县','621122'),(6093,687,'渭源县','621123'),(6094,687,'临洮县','621124'),(6095,687,'漳县','621125'),(6096,687,'岷县','621126'),(6097,688,'武都区','621202'),(6098,688,'成县','621221'),(6099,688,'文县','621222'),(6100,688,'宕昌县','621223'),(6101,688,'康县','621224'),(6102,688,'西和县','621225'),(6103,688,'礼县','621226'),(6104,688,'徽县','621227'),(6105,688,'两当县','621228'),(6106,689,'临夏市','622901'),(6107,689,'临夏县','622921'),(6108,689,'康乐县','622922'),(6109,689,'永靖县','622923'),(6110,689,'广河县','622924'),(6111,689,'和政县','622925'),(6112,689,'东乡族自治县','622926'),(6113,689,'积石山保安族东乡族撒拉族自治县','622927'),(6114,690,'合作市','623001'),(6115,690,'临潭县','623021'),(6116,690,'卓尼县','623022'),(6117,690,'舟曲县','623023'),(6118,690,'迭部县','623024'),(6119,690,'玛曲县','623025'),(6120,690,'碌曲县','623026'),(6121,690,'夏河县','623027'),(6122,691,'城东区','630102'),(6123,691,'城中区','630103'),(6124,691,'城西区','630104'),(6125,691,'城北区','630105'),(6126,691,'大通回族土族自治县','630121'),(6127,691,'湟中县','630122'),(6128,691,'湟源县','630123'),(6129,692,'乐都区','630202'),(6130,692,'平安县','630221'),(6131,692,'民和回族土族自治县','630222'),(6132,692,'互助土族自治县','630223'),(6133,692,'化隆回族自治县','630224'),(6134,692,'循化撒拉族自治县','630225'),(6135,693,'门源回族自治县','632221'),(6136,693,'祁连县','632222'),(6137,693,'海晏县','632223'),(6138,693,'刚察县','632224'),(6139,694,'同仁县','632321'),(6140,694,'尖扎县','632322'),(6141,694,'泽库县','632323'),(6142,694,'河南蒙古族自治县','632324'),(6143,695,'共和县','632521'),(6144,695,'同德县','632522'),(6145,695,'贵德县','632523'),(6146,695,'兴海县','632524'),(6147,695,'贵南县','632525'),(6148,696,'玛沁县','632621'),(6149,696,'班玛县','632622'),(6150,696,'甘德县','632623'),(6151,696,'达日县','632624'),(6152,696,'久治县','632625'),(6153,696,'玛多县','632626'),(6154,697,'玉树市','632701'),(6155,697,'杂多县','632722'),(6156,697,'称多县','632723'),(6157,697,'治多县','632724'),(6158,697,'囊谦县','632725'),(6159,697,'曲麻莱县','632726'),(6160,698,'格尔木市','632801'),(6161,698,'德令哈市','632802'),(6162,698,'乌兰县','632821'),(6163,698,'都兰县','632822'),(6164,698,'天峻县','632823'),(6165,699,'兴庆区','640104'),(6166,699,'西夏区','640105'),(6167,699,'金凤区','640106'),(6168,699,'永宁县','640121'),(6169,699,'贺兰县','640122'),(6170,699,'灵武市','640181'),(6171,700,'大武口区','640202'),(6172,700,'惠农区','640205'),(6173,700,'平罗县','640221'),(6174,701,'利通区','640302'),(6175,701,'红寺堡区','640303'),(6176,701,'盐池县','640323'),(6177,701,'同心县','640324'),(6178,701,'青铜峡市','640381'),(6179,702,'原州区','640402'),(6180,702,'西吉县','640422'),(6181,702,'隆德县','640423'),(6182,702,'泾源县','640424'),(6183,702,'彭阳县','640425'),(6184,703,'沙坡头区','640502'),(6185,703,'中宁县','640521'),(6186,703,'海原县','640522'),(6187,704,'天山区','650102'),(6188,704,'沙依巴克区','650103'),(6189,704,'新市区','650104'),(6190,704,'水磨沟区','650105'),(6191,704,'头屯河区','650106'),(6192,704,'达坂城区','650107'),(6193,704,'米东区','650109'),(6194,704,'乌鲁木齐县','650121'),(6195,705,'独山子区','650202'),(6196,705,'克拉玛依区','650203'),(6197,705,'白碱滩区','650204'),(6198,705,'乌尔禾区','650205'),(6199,706,'吐鲁番市','652101'),(6200,706,'鄯善县','652122'),(6201,706,'托克逊县','652123'),(6202,707,'哈密市','652201'),(6203,707,'巴里坤哈萨克自治县','652222'),(6204,707,'伊吾县','652223'),(6205,708,'昌吉市','652301'),(6206,708,'阜康市','652302'),(6207,708,'呼图壁县','652323'),(6208,708,'玛纳斯县','652324'),(6209,708,'奇台县','652325'),(6210,708,'吉木萨尔县','652327'),(6211,708,'木垒哈萨克自治县','652328'),(6212,709,'博乐市','652701'),(6213,709,'阿拉山口市','652702'),(6214,709,'精河县','652722'),(6215,709,'温泉县','652723'),(6216,710,'库尔勒市','652801'),(6217,710,'轮台县','652822'),(6218,710,'尉犁县','652823'),(6219,710,'若羌县','652824'),(6220,710,'且末县','652825'),(6221,710,'焉耆回族自治县','652826'),(6222,710,'和静县','652827'),(6223,710,'和硕县','652828'),(6224,710,'博湖县','652829'),(6225,711,'阿克苏市','652901'),(6226,711,'温宿县','652922'),(6227,711,'库车县','652923'),(6228,711,'沙雅县','652924'),(6229,711,'新和县','652925'),(6230,711,'拜城县','652926'),(6231,711,'乌什县','652927'),(6232,711,'阿瓦提县','652928'),(6233,711,'柯坪县','652929'),(6234,712,'阿图什市','653001'),(6235,712,'阿克陶县','653022'),(6236,712,'阿合奇县','653023'),(6237,712,'乌恰县','653024'),(6238,713,'喀什市','653101'),(6239,713,'疏附县','653121'),(6240,713,'疏勒县','653122'),(6241,713,'英吉沙县','653123'),(6242,713,'泽普县','653124'),(6243,713,'莎车县','653125'),(6244,713,'叶城县','653126'),(6245,713,'麦盖提县','653127'),(6246,713,'岳普湖县','653128'),(6247,713,'伽师县','653129'),(6248,713,'巴楚县','653130'),(6249,713,'塔什库尔干塔吉克自治县','653131'),(6250,714,'和田市','653201'),(6251,714,'和田县','653221'),(6252,714,'墨玉县','653222'),(6253,714,'皮山县','653223'),(6254,714,'洛浦县','653224'),(6255,714,'策勒县','653225'),(6256,714,'于田县','653226'),(6257,714,'民丰县','653227'),(6258,715,'伊宁市','654002'),(6259,715,'奎屯市','654003'),(6260,715,'霍尔果斯市','654004'),(6261,715,'伊宁县','654021'),(6262,715,'察布查尔锡伯自治县','654022'),(6263,715,'霍城县','654023'),(6264,715,'巩留县','654024'),(6265,715,'新源县','654025'),(6266,715,'昭苏县','654026'),(6267,715,'特克斯县','654027'),(6268,715,'尼勒克县','654028'),(6269,716,'塔城市','654201'),(6270,716,'乌苏市','654202'),(6271,716,'额敏县','654221'),(6272,716,'沙湾县','654223'),(6273,716,'托里县','654224'),(6274,716,'裕民县','654225'),(6275,716,'和布克赛尔蒙古自治县','654226'),(6276,717,'阿勒泰市','654301'),(6277,717,'布尔津县','654321'),(6278,717,'富蕴县','654322'),(6279,717,'福海县','654323'),(6280,717,'哈巴河县','654324'),(6281,717,'青河县','654325'),(6282,717,'吉木乃县','654326'),(6283,718,'石河子市','659001'),(6284,718,'阿拉尔市','659002'),(6285,718,'图木舒克市','659003'),(6286,718,'五家渠市','659004'),(6287,718,'北屯市','659005'),(6288,718,'铁门关市','659006'),(6289,718,'双河市','659007'),(6290,719,'松山区','710101'),(6291,719,'信义区','710102'),(6292,719,'大安区','710103'),(6293,719,'中山区','710104'),(6294,719,'中正区','710105'),(6295,719,'大同区','710106'),(6296,719,'万华区','710107'),(6297,719,'文山区','710108'),(6298,719,'南港区','710109'),(6299,719,'内湖区','710110'),(6300,719,'士林区','710111'),(6301,719,'北投区','710112'),(6302,720,'盐埕区','710201'),(6303,720,'鼓山区','710202'),(6304,720,'左营区','710203'),(6305,720,'楠梓区','710204'),(6306,720,'三民区','710205'),(6307,720,'新兴区','710206'),(6308,720,'前金区','710207'),(6309,720,'苓雅区','710208'),(6310,720,'前镇区','710209'),(6311,720,'旗津区','710210'),(6312,720,'小港区','710211'),(6313,720,'凤山区','710212'),(6314,720,'林园区','710213'),(6315,720,'大寮区','710214'),(6316,720,'大树区','710215'),(6317,720,'大社区','710216'),(6318,720,'仁武区','710217'),(6319,720,'鸟松区','710218'),(6320,720,'冈山区','710219'),(6321,720,'桥头区','710220'),(6322,720,'燕巢区','710221'),(6323,720,'田寮区','710222'),(6324,720,'阿莲区','710223'),(6325,720,'路竹区','710224'),(6326,720,'湖内区','710225'),(6327,720,'茄萣区','710226'),(6328,720,'永安区','710227'),(6329,720,'弥陀区','710228'),(6330,720,'梓官区','710229'),(6331,720,'旗山区','710230'),(6332,720,'美浓区','710231'),(6333,720,'六龟区','710232'),(6334,720,'甲仙区','710233'),(6335,720,'杉林区','710234'),(6336,720,'内门区','710235'),(6337,720,'茂林区','710236'),(6338,720,'桃源区','710237'),(6339,720,'那玛夏区','710238'),(6340,721,'中正区','710301'),(6341,721,'七堵区','710302'),(6342,721,'暖暖区','710303'),(6343,721,'仁爱区','710304'),(6344,721,'中山区','710305'),(6345,721,'安乐区','710306'),(6346,721,'信义区','710307'),(6347,722,'中区','710401'),(6348,722,'东区','710402'),(6349,722,'南区','710403'),(6350,722,'西区','710404'),(6351,722,'北区','710405'),(6352,722,'西屯区','710406'),(6353,722,'南屯区','710407'),(6354,722,'北屯区','710408'),(6355,722,'丰原区','710409'),(6356,722,'东势区','710410'),(6357,722,'大甲区','710411'),(6358,722,'清水区','710412'),(6359,722,'沙鹿区','710413'),(6360,722,'梧栖区','710414'),(6361,722,'后里区','710415'),(6362,722,'神冈区','710416'),(6363,722,'潭子区','710417'),(6364,722,'大雅区','710418'),(6365,722,'新社区','710419'),(6366,722,'石冈区','710420'),(6367,722,'外埔区','710421'),(6368,722,'大安区','710422'),(6369,722,'乌日区','710423'),(6370,722,'大肚区','710424'),(6371,722,'龙井区','710425'),(6372,722,'雾峰区','710426'),(6373,722,'太平区','710427'),(6374,722,'大里区','710428'),(6375,722,'和平区','710429'),(6376,723,'东区','710501'),(6377,723,'南区','710502'),(6378,723,'北区','710504'),(6379,723,'安南区','710506'),(6380,723,'安平区','710507'),(6381,723,'中西区','710508'),(6382,723,'新营区','710509'),(6383,723,'盐水区','710510'),(6384,723,'白河区','710511'),(6385,723,'柳营区','710512'),(6386,723,'后壁区','710513'),(6387,723,'东山区','710514'),(6388,723,'麻豆区','710515'),(6389,723,'下营区','710516'),(6390,723,'六甲区','710517'),(6391,723,'官田区','710518'),(6392,723,'大内区','710519'),(6393,723,'佳里区','710520'),(6394,723,'学甲区','710521'),(6395,723,'西港区','710522'),(6396,723,'七股区','710523'),(6397,723,'将军区','710524'),(6398,723,'北门区','710525'),(6399,723,'新化区','710526'),(6400,723,'善化区','710527'),(6401,723,'新市区','710528'),(6402,723,'安定区','710529'),(6403,723,'山上区','710530'),(6404,723,'玉井区','710531'),(6405,723,'楠西区','710532'),(6406,723,'南化区','710533'),(6407,723,'左镇区','710534'),(6408,723,'仁德区','710535'),(6409,723,'归仁区','710536'),(6410,723,'关庙区','710537'),(6411,723,'龙崎区','710538'),(6412,723,'永康区','710539'),(6413,724,'东区','710601'),(6414,724,'北区','710602'),(6415,724,'香山区','710603'),(6416,725,'东区','710701'),(6417,725,'西区','710702'),(6418,726,'板桥区','710801'),(6419,726,'三重区','710802'),(6420,726,'中和区','710803'),(6421,726,'永和区','710804'),(6422,726,'新庄区','710805'),(6423,726,'新店区','710806'),(6424,726,'树林区','710807'),(6425,726,'莺歌区','710808'),(6426,726,'三峡区','710809'),(6427,726,'淡水区','710810'),(6428,726,'汐止区','710811'),(6429,726,'瑞芳区','710812'),(6430,726,'土城区','710813'),(6431,726,'芦洲区','710814'),(6432,726,'五股区','710815'),(6433,726,'泰山区','710816'),(6434,726,'林口区','710817'),(6435,726,'深坑区','710818'),(6436,726,'石碇区','710819'),(6437,726,'坪林区','710820'),(6438,726,'三芝区','710821'),(6439,726,'石门区','710822'),(6440,726,'八里区','710823'),(6441,726,'平溪区','710824'),(6442,726,'双溪区','710825'),(6443,726,'贡寮区','710826'),(6444,726,'金山区','710827'),(6445,726,'万里区','710828'),(6446,726,'乌来区','710829'),(6447,727,'宜兰市','712201'),(6448,727,'罗东镇','712221'),(6449,727,'苏澳镇','712222'),(6450,727,'头城镇','712223'),(6451,727,'礁溪乡','712224'),(6452,727,'壮围乡','712225'),(6453,727,'员山乡','712226'),(6454,727,'冬山乡','712227'),(6455,727,'五结乡','712228'),(6456,727,'三星乡','712229'),(6457,727,'大同乡','712230'),(6458,727,'南澳乡','712231'),(6459,728,'桃园市','712301'),(6460,728,'中坜市','712302'),(6461,728,'平镇市','712303'),(6462,728,'八德市','712304'),(6463,728,'杨梅市','712305'),(6464,728,'芦竹市','712306'),(6465,728,'大溪镇','712321'),(6466,728,'大园乡','712324'),(6467,728,'龟山乡','712325'),(6468,728,'龙潭乡','712327'),(6469,728,'新屋乡','712329'),(6470,728,'观音乡','712330'),(6471,728,'复兴乡','712331'),(6472,729,'竹北市','712401'),(6473,729,'竹东镇','712421'),(6474,729,'新埔镇','712422'),(6475,729,'关西镇','712423'),(6476,729,'湖口乡','712424'),(6477,729,'新丰乡','712425'),(6478,729,'芎林乡','712426'),(6479,729,'横山乡','712427'),(6480,729,'北埔乡','712428'),(6481,729,'宝山乡','712429'),(6482,729,'峨眉乡','712430'),(6483,729,'尖石乡','712431'),(6484,729,'五峰乡','712432'),(6485,730,'苗栗市','712501'),(6486,730,'苑里镇','712521'),(6487,730,'通霄镇','712522'),(6488,730,'竹南镇','712523'),(6489,730,'头份镇','712524'),(6490,730,'后龙镇','712525'),(6491,730,'卓兰镇','712526'),(6492,730,'大湖乡','712527'),(6493,730,'公馆乡','712528'),(6494,730,'铜锣乡','712529'),(6495,730,'南庄乡','712530'),(6496,730,'头屋乡','712531'),(6497,730,'三义乡','712532'),(6498,730,'西湖乡','712533'),(6499,730,'造桥乡','712534'),(6500,730,'三湾乡','712535'),(6501,730,'狮潭乡','712536'),(6502,730,'泰安乡','712537'),(6503,731,'彰化市','712701'),(6504,731,'鹿港镇','712721'),(6505,731,'和美镇','712722'),(6506,731,'线西乡','712723'),(6507,731,'伸港乡','712724'),(6508,731,'福兴乡','712725'),(6509,731,'秀水乡','712726'),(6510,731,'花坛乡','712727'),(6511,731,'芬园乡','712728'),(6512,731,'员林镇','712729'),(6513,731,'溪湖镇','712730'),(6514,731,'田中镇','712731'),(6515,731,'大村乡','712732'),(6516,731,'埔盐乡','712733'),(6517,731,'埔心乡','712734'),(6518,731,'永靖乡','712735'),(6519,731,'社头乡','712736'),(6520,731,'二水乡','712737'),(6521,731,'北斗镇','712738'),(6522,731,'二林镇','712739'),(6523,731,'田尾乡','712740'),(6524,731,'埤头乡','712741'),(6525,731,'芳苑乡','712742'),(6526,731,'大城乡','712743'),(6527,731,'竹塘乡','712744'),(6528,731,'溪州乡','712745'),(6529,732,'南投市','712801'),(6530,732,'埔里镇','712821'),(6531,732,'草屯镇','712822'),(6532,732,'竹山镇','712823'),(6533,732,'集集镇','712824'),(6534,732,'名间乡','712825'),(6535,732,'鹿谷乡','712826'),(6536,732,'中寮乡','712827'),(6537,732,'鱼池乡','712828'),(6538,732,'国姓乡','712829'),(6539,732,'水里乡','712830'),(6540,732,'信义乡','712831'),(6541,732,'仁爱乡','712832'),(6542,733,'斗六市','712901'),(6543,733,'斗南镇','712921'),(6544,733,'虎尾镇','712922'),(6545,733,'西螺镇','712923'),(6546,733,'土库镇','712924'),(6547,733,'北港镇','712925'),(6548,733,'古坑乡','712926'),(6549,733,'大埤乡','712927'),(6550,733,'莿桐乡','712928'),(6551,733,'林内乡','712929'),(6552,733,'二仑乡','712930'),(6553,733,'仑背乡','712931'),(6554,733,'麦寮乡','712932'),(6555,733,'东势乡','712933'),(6556,733,'褒忠乡','712934'),(6557,733,'台西乡','712935'),(6558,733,'元长乡','712936'),(6559,733,'四湖乡','712937'),(6560,733,'口湖乡','712938'),(6561,733,'水林乡','712939'),(6562,734,'太保市','713001'),(6563,734,'朴子市','713002'),(6564,734,'布袋镇','713023'),(6565,734,'大林镇','713024'),(6566,734,'民雄乡','713025'),(6567,734,'溪口乡','713026'),(6568,734,'新港乡','713027'),(6569,734,'六脚乡','713028'),(6570,734,'东石乡','713029'),(6571,734,'义竹乡','713030'),(6572,734,'鹿草乡','713031'),(6573,734,'水上乡','713032'),(6574,734,'中埔乡','713033'),(6575,734,'竹崎乡','713034'),(6576,734,'梅山乡','713035'),(6577,734,'番路乡','713036'),(6578,734,'大埔乡','713037'),(6579,734,'阿里山乡','713038'),(6580,735,'屏东市','713301'),(6581,735,'潮州镇','713321'),(6582,735,'东港镇','713322'),(6583,735,'恒春镇','713323'),(6584,735,'万丹乡','713324'),(6585,735,'长治乡','713325'),(6586,735,'麟洛乡','713326'),(6587,735,'九如乡','713327'),(6588,735,'里港乡','713328'),(6589,735,'盐埔乡','713329'),(6590,735,'高树乡','713330'),(6591,735,'万峦乡','713331'),(6592,735,'内埔乡','713332'),(6593,735,'竹田乡','713333'),(6594,735,'新埤乡','713334'),(6595,735,'枋寮乡','713335'),(6596,735,'新园乡','713336'),(6597,735,'崁顶乡','713337'),(6598,735,'林边乡','713338'),(6599,735,'南州乡','713339'),(6600,735,'佳冬乡','713340'),(6601,735,'琉球乡','713341'),(6602,735,'车城乡','713342'),(6603,735,'满州乡','713343'),(6604,735,'枋山乡','713344'),(6605,735,'三地门乡','713345'),(6606,735,'雾台乡','713346'),(6607,735,'玛家乡','713347'),(6608,735,'泰武乡','713348'),(6609,735,'来义乡','713349'),(6610,735,'春日乡','713350'),(6611,735,'狮子乡','713351'),(6612,735,'牡丹乡','713352'),(6613,736,'台东市','713401'),(6614,736,'成功镇','713421'),(6615,736,'关山镇','713422'),(6616,736,'卑南乡','713423'),(6617,736,'鹿野乡','713424'),(6618,736,'池上乡','713425'),(6619,736,'东河乡','713426'),(6620,736,'长滨乡','713427'),(6621,736,'太麻里乡','713428'),(6622,736,'大武乡','713429'),(6623,736,'绿岛乡','713430'),(6624,736,'海端乡','713431'),(6625,736,'延平乡','713432'),(6626,736,'金峰乡','713433'),(6627,736,'达仁乡','713434'),(6628,736,'兰屿乡','713435'),(6629,737,'花莲市','713501'),(6630,737,'凤林镇','713521'),(6631,737,'玉里镇','713522'),(6632,737,'新城乡','713523'),(6633,737,'吉安乡','713524'),(6634,737,'寿丰乡','713525'),(6635,737,'光复乡','713526'),(6636,737,'丰滨乡','713527'),(6637,737,'瑞穗乡','713528'),(6638,737,'富里乡','713529'),(6639,737,'秀林乡','713530'),(6640,737,'万荣乡','713531'),(6641,737,'卓溪乡','713532'),(6642,738,'马公市','713601'),(6643,738,'湖西乡','713621'),(6644,738,'白沙乡','713622'),(6645,738,'西屿乡','713623'),(6646,738,'望安乡','713624'),(6647,738,'七美乡','713625'),(6648,739,'金城镇','713701'),(6649,739,'金湖镇','713702'),(6650,739,'金沙镇','713703'),(6651,739,'金宁乡','713704'),(6652,739,'烈屿乡','713705'),(6653,739,'乌丘乡','713706'),(6654,740,'南竿乡','713801'),(6655,740,'北竿乡','713802'),(6656,740,'莒光乡','713803'),(6657,740,'东引乡','713804'),(6658,741,'中西区','810101'),(6659,741,'湾仔区','810102'),(6660,741,'东区','810103'),(6661,741,'南区','810104'),(6662,742,'油尖旺区','810201'),(6663,742,'深水埗区','810202'),(6664,742,'九龙城区','810203'),(6665,742,'黄大仙区','810204'),(6666,742,'观塘区','810205'),(6667,743,'荃湾区','810301'),(6668,743,'屯门区','810302'),(6669,743,'元朗区','810303'),(6670,743,'北区','810304'),(6671,743,'大埔区','810305'),(6672,743,'西贡区','810306'),(6673,743,'沙田区','810307'),(6674,743,'葵青区','810308'),(6675,743,'离岛区','810309'),(6676,744,'花地玛堂区','820101'),(6677,744,'圣安多尼堂区','820102'),(6678,744,'大堂区','820103'),(6679,744,'望德堂区','820104'),(6680,744,'风顺堂区','820105'),(6681,745,'嘉模堂区','820201'),(6682,746,'圣方济各堂区','820301');

/*Table structure for table `rcd_dict_type` */

DROP TABLE IF EXISTS `rcd_dict_type`;

CREATE TABLE `rcd_dict_type` (
  `id` bigint NOT NULL COMMENT '字典类型id',
  `code` varchar(20) COLLATE utf8_bin DEFAULT NULL COMMENT '类型码',
  `name` varchar(50) CHARACTER SET utf8 COLLATE utf8_bin DEFAULT NULL COMMENT '类型名称',
  `intro` varchar(500) CHARACTER SET utf8 COLLATE utf8_bin DEFAULT NULL COMMENT '介绍',
  PRIMARY KEY (`id`)
) ENGINE=InnoDB DEFAULT CHARSET=utf8 COLLATE=utf8_bin;

/*Data for the table `rcd_dict_type` */

insert  into `rcd_dict_type`(`id`,`code`,`name`,`intro`) values (1001,'MARRIAGE','Marriage','Type of marriage: unmarried, married, divorced.'),(1002,'NATION','Nation','Ethnic type: China\'s 56 ethnic groups are included, other nationalities are not included in the period.'),(1003,'NATIONALITY','Nationality','Nationality, including the names of all countries in the world.'),(1004,'POLITICAL','Political','Political Orientation. The masses, communist youth league members, party members, members of the Democratic Revolution, members of the NLD, non-partisans.');

/*Table structure for table `rcd_staff` */

DROP TABLE IF EXISTS `rcd_staff`;

CREATE TABLE `rcd_staff` (
  `id` bigint NOT NULL COMMENT '主键',
  `account` bigint DEFAULT NULL COMMENT '账户id',
  `code` varchar(50) COLLATE utf8_bin DEFAULT NULL COMMENT '档案码',
  `name` varchar(20) COLLATE utf8_bin DEFAULT NULL COMMENT '姓名',
  `dept` bigint DEFAULT NULL COMMENT '科室',
  `sex` int DEFAULT NULL COMMENT '性别',
  `empno` varchar(50) COLLATE utf8_bin DEFAULT NULL COMMENT '工号',
  `phone` varchar(20) COLLATE utf8_bin DEFAULT NULL COMMENT '电话',
  `email` varchar(50) COLLATE utf8_bin DEFAULT NULL COMMENT '邮箱',
  `birthday` bigint DEFAULT NULL COMMENT '出生日期',
  `birthplace` varchar(50) CHARACTER SET utf8 COLLATE utf8_bin DEFAULT NULL COMMENT '出生地',
  `address` varchar(200) CHARACTER SET utf8 COLLATE utf8_bin DEFAULT NULL COMMENT '现住地址',
  `idcard` varchar(20) COLLATE utf8_bin DEFAULT NULL COMMENT '身份证号',
  `marriage` bigint DEFAULT NULL COMMENT '婚姻 dict',
  `nation` bigint DEFAULT NULL COMMENT '民族 dict',
  `native` bigint DEFAULT NULL COMMENT '籍贯 dict',
  `nationality` bigint DEFAULT NULL COMMENT '国籍 dict',
  `political` bigint DEFAULT NULL COMMENT '政治面貌 dict',
  `work_time` bigint DEFAULT NULL COMMENT '工作时间',
  `del` tinyint(1) DEFAULT '0' COMMENT '删除标识',
  `create` bigint DEFAULT NULL COMMENT '创建时间',
  `creator` varchar(20) COLLATE utf8_bin DEFAULT NULL COMMENT '创建者',
  `update` bigint DEFAULT NULL COMMENT '更新时间',
  `updater` varchar(20) COLLATE utf8_bin DEFAULT NULL COMMENT '更新者',
  PRIMARY KEY (`id`)
) ENGINE=InnoDB DEFAULT CHARSET=utf8 COLLATE=utf8_bin;

/*Data for the table `rcd_staff` */

insert  into `rcd_staff`(`id`,`account`,`code`,`name`,`dept`,`sex`,`empno`,`phone`,`email`,`birthday`,`birthplace`,`address`,`idcard`,`marriage`,`nation`,`native`,`nationality`,`political`,`work_time`,`del`,`create`,`creator`,`update`,`updater`) values (1001001,1001001,'admin','Administrator',1001004,1,'100001','13108990998','admin@keepyounger.com',342673657000,'Chaoyang, Beijing','Beijing front door outside the front door of the main street fence 36 A','362202199404244019',NULL,NULL,NULL,NULL,NULL,1604977657000,0,1604977657000,'admin',1604977657000,'admin');

/*Table structure for table `sys_client` */

DROP TABLE IF EXISTS `sys_client`;

CREATE TABLE `sys_client` (
  `id` bigint NOT NULL COMMENT 'client_id',
  `name` varchar(50) COLLATE utf8_bin DEFAULT NULL COMMENT 'client name',
  `company` varchar(50) COLLATE utf8_bin DEFAULT NULL COMMENT 'client company',
  `email` varchar(50) COLLATE utf8_bin DEFAULT NULL COMMENT 'client email',
  `secret` varchar(100) COLLATE utf8_bin DEFAULT NULL COMMENT 'client_secret',
  `resources` varchar(100) COLLATE utf8_bin DEFAULT NULL COMMENT 'resource_ids',
  `scoped` tinyint(1) DEFAULT '1' COMMENT 'is_scoped',
  `scope` varchar(100) COLLATE utf8_bin DEFAULT NULL COMMENT 'scope',
  `grant_type` varchar(100) COLLATE utf8_bin DEFAULT NULL COMMENT 'grant_type',
  `redirect_uri` varchar(100) COLLATE utf8_bin DEFAULT NULL COMMENT 'redirect_uri',
  `token_expire` int DEFAULT NULL COMMENT 'AccessTokenValiditySeconds',
  `refresh_expire` int DEFAULT NULL COMMENT 'RefreshTokenValiditySeconds',
  `auto_approve` tinyint(1) DEFAULT '1' COMMENT 'auto_approve',
  `del` tinyint(1) DEFAULT '0',
  `create` bigint DEFAULT NULL,
  `creator` varchar(20) COLLATE utf8_bin DEFAULT NULL,
  `update` bigint DEFAULT NULL,
  `updater` varchar(20) COLLATE utf8_bin DEFAULT NULL,
  PRIMARY KEY (`id`)
) ENGINE=InnoDB DEFAULT CHARSET=utf8 COLLATE=utf8_bin;

/*Data for the table `sys_client` */

insert  into `sys_client`(`id`,`name`,`company`,`email`,`secret`,`resources`,`scoped`,`scope`,`grant_type`,`redirect_uri`,`token_expire`,`refresh_expire`,`auto_approve`,`del`,`create`,`creator`,`update`,`updater`) values (1001001,'keep_younger','Keep Younger','admin@keepyounger.com','$2a$10$cL4o.Ef3Qb/vd7WWAWyvLO4seIl/8vQiFA3ub5o21ykiwgbvxnxQe',NULL,1,'read,write,all','password,authorization_code,refresh_token','http://www.keepyounger.com',10800,10800,1,0,NULL,NULL,NULL,NULL),(1001002,'south_net','SouthNet,China co,.ltd','100988777@southnet.com','$2a$10$cL4o.Ef3Qb/vd7WWAWyvLO4seIl/8vQiFA3ub5o21ykiwgbvxnxQe',NULL,1,'read,write,all','password,authorization_code,refresh_token','http://www.southnet.com',10800,10800,1,0,NULL,NULL,NULL,NULL);

/*Table structure for table `sys_permission` */

DROP TABLE IF EXISTS `sys_permission`;

CREATE TABLE `sys_permission` (
  `id` bigint NOT NULL COMMENT 'id',
  `pid` bigint DEFAULT NULL COMMENT 'pid',
  `code` varchar(50) CHARACTER SET utf8mb4 COLLATE utf8mb4_0900_ai_ci NOT NULL COMMENT 'permission',
  `name` varchar(50) CHARACTER SET utf8mb4 COLLATE utf8mb4_0900_ai_ci DEFAULT NULL COMMENT '介绍',
  PRIMARY KEY (`id`),
  KEY `idx_type` (`name`) USING BTREE
) ENGINE=InnoDB DEFAULT CHARSET=utf8 COLLATE=utf8_bin;

/*Data for the table `sys_permission` */

insert  into `sys_permission`(`id`,`pid`,`code`,`name`) values (1001,0,'','SYSTEM'),(1001001,1001,'','USER'),(1001002,1001,'','ROLE'),(1001001001,1001001,'#1','Query List of User'),(1001001002,1001001,'#2','Query User Details'),(1001001003,1001001,'#3','New User'),(1001001004,1001001,'#4','Update User'),(1001001005,1001001,'#5','Delete User'),(1001002001,1001002,'#6','Query List of Roles'),(1001002002,1001002,'#7','Query Role Details'),(1001002003,1001002,'#8','New Role'),(1001002004,1001002,'#9','Update Role'),(1001002005,1001002,'#0','Delete Role');

/*Table structure for table `sys_request_log` */

DROP TABLE IF EXISTS `sys_request_log`;

CREATE TABLE `sys_request_log` (
  `id` bigint NOT NULL AUTO_INCREMENT COMMENT '主键',
  `request_type` int DEFAULT NULL COMMENT '请求类型',
  `data_type` int DEFAULT NULL COMMENT '数据类型',
  `client` varchar(50) CHARACTER SET utf8 COLLATE utf8_bin DEFAULT NULL COMMENT '客户端',
  `user` varchar(50) CHARACTER SET utf8 COLLATE utf8_bin DEFAULT NULL COMMENT '用户',
  `ip` bigint DEFAULT NULL COMMENT '用户操作ip',
  `uri` varchar(50) CHARACTER SET utf8 COLLATE utf8_bin DEFAULT NULL COMMENT '请求地址',
  `method` int DEFAULT NULL COMMENT '请求方法',
  `params` text CHARACTER SET utf8 COLLATE utf8_bin COMMENT '请求参数',
  `body` text CHARACTER SET utf8 COLLATE utf8_bin COMMENT '请求body参数',
  `status` int DEFAULT NULL COMMENT '响应状态',
  `result` varchar(200) CHARACTER SET utf8 COLLATE utf8_bin DEFAULT NULL COMMENT '错误详情状态信息',
  `date` bigint DEFAULT NULL COMMENT '请求时间',
  PRIMARY KEY (`id`),
  KEY `list_search` (`request_type`,`data_type`,`user`,`date`)
) ENGINE=InnoDB AUTO_INCREMENT=10782 DEFAULT CHARSET=utf8 COLLATE=utf8_bin;

/*Data for the table `sys_request_log` */

/*Table structure for table `sys_role` */

DROP TABLE IF EXISTS `sys_role`;

CREATE TABLE `sys_role` (
  `id` bigint NOT NULL AUTO_INCREMENT COMMENT '主键',
  `code` varchar(20) CHARACTER SET utf8mb4 COLLATE utf8mb4_0900_ai_ci NOT NULL COMMENT '角色码',
  `name` varchar(20) CHARACTER SET utf8mb4 COLLATE utf8mb4_0900_ai_ci DEFAULT NULL COMMENT '角色名称',
  `intro` varchar(200) CHARACTER SET utf8mb4 COLLATE utf8mb4_0900_ai_ci DEFAULT NULL COMMENT '角色介绍',
  `del` tinyint(1) DEFAULT '0' COMMENT '删除标识',
  `create` bigint DEFAULT NULL COMMENT '创建时间',
  `creator` varchar(20) DEFAULT NULL COMMENT '创建者',
  `update` bigint DEFAULT NULL COMMENT '更新时间',
  `updater` varchar(20) DEFAULT NULL COMMENT '更新者',
  PRIMARY KEY (`id`),
  KEY `name` (`name`)
) ENGINE=InnoDB AUTO_INCREMENT=697480114177 DEFAULT CHARSET=utf8mb4 COLLATE=utf8mb4_0900_ai_ci;

/*Data for the table `sys_role` */

insert  into `sys_role`(`id`,`code`,`name`,`intro`,`del`,`create`,`creator`,`update`,`updater`) values (1001001,'admin','administrator','The highest level role is not allowed to be modified or deleted.',0,1606457126000,'admin',1606457126000,'admin'),(1001002,'1-2','browser','used in south net Co.,ltd company',0,1606457126000,'admin',1606457126000,'admin'),(697218818048,'1-3','browser3','used in etc',0,1606459597000,'admin',1606459712619,'admin');

/*Table structure for table `sys_role_permission` */

DROP TABLE IF EXISTS `sys_role_permission`;

CREATE TABLE `sys_role_permission` (
  `id` bigint NOT NULL AUTO_INCREMENT COMMENT '自增id',
  `role_id` bigint NOT NULL COMMENT '角色ID',
  `per_id` bigint NOT NULL COMMENT '权限ID',
  `create` bigint DEFAULT NULL COMMENT '创建时间',
  `creator` varchar(20) DEFAULT NULL COMMENT '创建者',
  `del` tinyint(1) DEFAULT '0' COMMENT '删除标识',
  `update` bigint DEFAULT NULL COMMENT '更新时间',
  `updater` varchar(20) DEFAULT NULL COMMENT '更新者',
  PRIMARY KEY (`id`)
) ENGINE=InnoDB AUTO_INCREMENT=61 DEFAULT CHARSET=utf8mb4 COLLATE=utf8mb4_0900_ai_ci;

/*Data for the table `sys_role_permission` */

insert  into `sys_role_permission`(`id`,`role_id`,`per_id`,`create`,`creator`,`del`,`update`,`updater`) values (1,1001001,1001001001,1606457126000,'admin',0,1606457126000,'admin'),(2,1001001,1001001002,1606457126000,'admin',0,1606457126000,'admin'),(3,1001001,1001001003,1606457126000,'admin',0,1606457126000,'admin'),(4,1001001,1001001004,1606457126000,'admin',0,1606457126000,'admin'),(5,1001001,1001001005,1606457126000,'admin',0,1606457126000,'admin'),(6,1001001,1001002001,1606457126000,'admin',0,1606457126000,'admin'),(7,1001001,1001002002,1606457126000,'admin',0,1606457126000,'admin'),(8,1001001,1001002003,1606457126000,'admin',0,1606457126000,'admin'),(9,1001001,1001002004,1606457126000,'admin',0,1606457126000,'admin'),(10,1001001,1001002005,1606457126000,'admin',0,1606457126000,'admin'),(11,1001002,1001001001,1606457126000,'admin',1,1606457126000,'admin'),(12,1001002,1001001002,1606457126000,'admin',1,1606457126000,'admin'),(13,1001002,1001001003,1606457126000,'admin',1,1606457126000,'admin'),(14,1001002,1001001004,1606457126000,'admin',1,1606457126000,'admin'),(15,1001002,1001001005,1606457126000,'admin',1,1606457126000,'admin'),(16,1001002,1001002001,1606457126000,'admin',1,1606457126000,'admin'),(17,1001002,1001002002,1606457126000,'admin',1,1606457126000,'admin'),(18,1001002,1001002003,1606457126000,'admin',1,1606457126000,'admin'),(19,1001002,1001002004,1606457126000,'admin',1,1606457126000,'admin'),(20,1001002,1001002005,1606457126000,'admin',1,1606457126000,'admin'),(41,697218818048,1001001001,1606459597000,'admin',1,1606459597000,'admin'),(42,697218818048,1001001002,1606459597000,'admin',1,1606459597000,'admin'),(43,697218818048,1001001003,1606459597000,'admin',0,1606459597000,'admin'),(44,697218818048,1001001004,1606459597000,'admin',1,1606459597000,'admin'),(45,697218818048,1001001005,1606459597000,'admin',1,1606459597000,'admin'),(46,697218818048,1001002001,1606459597000,'admin',1,1606459597000,'admin'),(47,697218818048,1001002002,1606459597000,'admin',1,1606459597000,'admin'),(48,697218818048,1001002003,1606459597000,'admin',1,1606459597000,'admin'),(49,697218818048,1001002004,1606459597000,'admin',1,1606459597000,'admin'),(50,697218818048,1001002005,1606459597000,'admin',1,1606459597000,'admin');

/*Table structure for table `sys_user` */

DROP TABLE IF EXISTS `sys_user`;

CREATE TABLE `sys_user` (
  `id` bigint NOT NULL AUTO_INCREMENT COMMENT 'id',
  `username` varchar(20) CHARACTER SET utf8mb4 COLLATE utf8mb4_0900_ai_ci DEFAULT NULL COMMENT '登录名',
  `password` varchar(100) CHARACTER SET utf8mb4 COLLATE utf8mb4_0900_ai_ci DEFAULT NULL COMMENT '密码',
  `expired` tinyint(1) DEFAULT '0' COMMENT '是否过期',
  `locked` tinyint(1) DEFAULT '0' COMMENT '是否锁定',
  `enabled` tinyint(1) DEFAULT '1' COMMENT '是否可用',
  `client` bigint DEFAULT NULL COMMENT '客户端名称',
  `role` bigint DEFAULT NULL COMMENT '角色名称',
  `avatar` varchar(100) COLLATE utf8_bin DEFAULT NULL COMMENT '头像',
  `del` tinyint(1) DEFAULT '0' COMMENT '删除标识',
  `create` bigint DEFAULT NULL COMMENT '创建时间',
  `creator` varchar(20) CHARACTER SET utf8 COLLATE utf8_bin DEFAULT NULL COMMENT '创建者',
  `update` bigint DEFAULT NULL COMMENT '更新时间',
  `updater` varchar(20) COLLATE utf8_bin DEFAULT NULL COMMENT '更新者',
  PRIMARY KEY (`id`),
  KEY `username` (`username`)
) ENGINE=InnoDB AUTO_INCREMENT=13863105553633281 DEFAULT CHARSET=utf8 COLLATE=utf8_bin;

/*Data for the table `sys_user` */

insert  into `sys_user`(`id`,`username`,`password`,`expired`,`locked`,`enabled`,`client`,`role`,`avatar`,`del`,`create`,`creator`,`update`,`updater`) values (1001001,'admin','$2a$10$cL4o.Ef3Qb/vd7WWAWyvLO4seIl/8vQiFA3ub5o21ykiwgbvxnxQe',0,0,1,1001001,1001001,'Annie',0,1604977657000,'admin',1604977657000,'admin'),(1001002,'his','$2a$10$cL4o.Ef3Qb/vd7WWAWyvLO4seIl/8vQiFA3ub5o21ykiwgbvxnxQe',0,0,0,1001001,1001001,'Annie',0,1604977657000,'admin',1604977657000,'admin'),(1001003,'amanda','$2a$10$cL4o.Ef3Qb/vd7WWAWyvLO4seIl/8vQiFA3ub5o21ykiwgbvxnxQe',0,0,1,1001002,1001002,'Annie',0,1604977657000,'admin',1604977657000,'admin'),(1001004,'allen','$2a$10$cL4o.Ef3Qb/vd7WWAWyvLO4seIl/8vQiFA3ub5o21ykiwgbvxnxQe',0,0,1,1001002,1001002,'Annie',0,1604977657000,'admin',1604977657000,'admin'),(1001005,'kaka','$2a$10$cL4o.Ef3Qb/vd7WWAWyvLO4seIl/8vQiFA3ub5o21ykiwgbvxnxQe',0,0,1,1001002,1001002,'Annie',0,1604977657000,'admin',1604977657000,'admin'),(1001006,'mechile','$2a$10$cL4o.Ef3Qb/vd7WWAWyvLO4seIl/8vQiFA3ub5o21ykiwgbvxnxQe',0,0,1,1001002,1001002,'Annie',0,1604977657000,'admin',1604977657000,'admin'),(1001007,'keepMyYounger','$2a$10$cL4o.Ef3Qb/vd7WWAWyvLO4seIl/8vQiFA3ub5o21ykiwgbvxnxQe',0,0,1,1001002,1001002,'Annie',0,1604977657000,'admin',1604977657000,'admin'),(1001008,'sun','$2a$10$cL4o.Ef3Qb/vd7WWAWyvLO4seIl/8vQiFA3ub5o21ykiwgbvxnxQe',0,0,1,1001002,1001002,'Annie',0,1604977657000,'admin',1604977657000,'admin'),(1001009,'ha88ah','$2a$10$cL4o.Ef3Qb/vd7WWAWyvLO4seIl/8vQiFA3ub5o21ykiwgbvxnxQe',0,0,1,1001001,1001002,'Annie',0,1604977657000,'admin',1606120466825,'admin'),(1001010,'wwwwwwww','$2a$10$cL4o.Ef3Qb/vd7WWAWyvLO4seIl/8vQiFA3ub5o21ykiwgbvxnxQe',0,0,1,1001001,1001002,'Annie',0,1604977657000,'admin',1606120420093,'admin'),(1001011,'Uuggua','$2a$10$daRSy0WtN7kvQirkBTTnpe1H0/NvvVaXHhzCqUjZ44pa/w0A7eI9a',0,0,1,1001002,1001002,'Annie',0,1604977657000,'admin',1605680524206,'admin'),(1001012,'maria','$2a$10$TZdv3TyJz4F4gaDJWBCiK.R2dSh14XL7HXaBVccgpGuJzHMVrnF2G',0,0,1,1001002,1001002,'Annie',0,1604977657000,'admin',1605680557342,'admin'),(1001013,'test','$2a$10$82ef7qjwvQYwOn.u0IW51.kibqjV0RY7qxQjXhZvFRi5F.E.0aO9a',0,0,1,1001002,1001002,'Annie',0,1605695268045,'admin',1605695268045,'admin'),(1001014,'test2','$2a$10$JqGSvkMkN3Q0iEis7F5T9uaqyex39d7hutmpozpqtND6i5yjAhhRW',0,1,1,1001002,1001002,'Morgana',0,1605695623498,'admin',1605695623498,'admin'),(1001015,'test3','$2a$10$tms8O/VNB3iJ8fum856g9OvJLru851/2G6RvNiR0hXwLnXw7GjaDC',0,0,1,1001002,1001002,'Renekton',0,1605695780275,'admin',1605695780275,'admin'),(1001016,'test4','$2a$10$mpv9GD0Vfjv4YvkDK9D.ruwJU8zhkMLNHlAuIhHw9gk7hLdXQpt1K',0,0,1,1001002,1001002,'Annie',0,1605696369583,'admin',1605696369583,'admin'),(1001017,'gogogo','$2a$10$kXTo8DILnBoloRrycsNi0OoC65sghNv1boHi38l0QNI9qNzuLO4oW',0,0,1,1001001,1001002,'Annie',0,1606117833972,'admin',1606117833972,'admin'),(1001018,'backback','$2a$10$ZdR33WvcvXhcOqV8isqNUeg987./KBWyoq50qbKxeZQxt2sYiJ.92',0,0,1,1001001,1001002,'Trundle',0,1606119240964,'admin',1606119802742,'admin'),(1001019,'hahaha','$2a$10$UCrCdjpHuYSxDsxGDSOwF.YCA7.wr1LQ2Yskb00Gzh1YZDQDlW47u',0,0,1,1001002,1001002,'Annie',0,1606120445928,'admin',1606120445928,'admin');

/* Function  structure for function  `add_role` */

/*!50003 DROP FUNCTION IF EXISTS `add_role` */;
DELIMITER $$

/*!50003 CREATE DEFINER=`root`@`localhost` FUNCTION `add_role`(p_id bigint(20),p_code varchar(20),p_name varchar(20),p_intro varchar(200), p_creator varchar(20)) RETURNS int
BEGIN
/*current timestamp*/
declare p_time bigint(20) default 0;
/*cursor index*/
declare cursor_idx bigint(20) default 0;
/*cursor value*/
declare per_id bigint(20);
/*set cursor*/
declare per_cursor cursor for select pp.id from sys_permission as pp where pp.code is not null and pp.code != '';
/*set end value of cursor index*/
declare CONTINUE handler for not found set cursor_idx = 1;
SET p_time = UNIX_TIMESTAMP() * 1000;
/*save role*/
INSERT INTO sys_role(`id`,`code`,`name`,`intro`,`create`,`creator`,`update`,`updater`) 
VALUE (p_id,p_code,p_name,p_intro,p_time,p_creator,p_time,p_creator);
/*open cursor*/
open per_cursor;
cursor_loop: loop
/*get cursor value to param*/
fetch per_cursor into per_id;
/*if end ,end*/
if cursor_idx = 1
then leave cursor_loop;
else
insert into sys_role_permission(role_id,per_id,`create`,`creator`,`del`,`update`,`updater`) 
value (p_id,per_id,p_time,p_creator,true,p_time,p_creator);
end if;
/*end and close cursor*/
end loop cursor_loop;
close per_cursor;
return 1;
END */$$
DELIMITER ;

/*!40101 SET SQL_MODE=@OLD_SQL_MODE */;
/*!40014 SET FOREIGN_KEY_CHECKS=@OLD_FOREIGN_KEY_CHECKS */;
/*!40014 SET UNIQUE_CHECKS=@OLD_UNIQUE_CHECKS */;
/*!40111 SET SQL_NOTES=@OLD_SQL_NOTES */;
